iso3,country,year,precip_CV,CDD,precip_anomaly,hot_days_count,R95p,PRECTOTCORR_annual_mean,DTR_mean,temp_trend_slope,ALLSKY_SFC_SW_DWN_annual_mean,PRECTOTCORR_annual_total,Rx5day,RH2M_annual_mean,TNn,T2M_annual_mean,T2M_MAX_annual_mean,TXx,T2M_MIN_annual_mean,HWDI,WS2M_annual_mean,WSDI,total_reserves_usd,gdp_growth_pct,population_total,gdp_per_capita_usd,poverty_headcount_190,employment_agriculture_pct,gdp_yoy_change,total_idps_conflict,agricultural_land_pct,gini_index,life_expectancy,co2_emissions_per_capita,econ_vulnerability,hd_proxy,health_expenditure_pct_gdp,co2_emissions_kt,population_density,arable_land_per_capita,education_expenditure_pct_gdp,pop_pressure,population_growth_pct,agriculture_value_added_pct_gdp,new_displacement_disasters,access_electricity_pct,access_basic_water_pct,urban_population_pct,literacy_rate,infrastructure_index,new_displacement_conflict,freshwater_withdrawal_pct_norm,freshwater_withdrawal_pct,cereal_yield_kg_ha_norm,food_production_index,cereal_yield_kg_ha,food_production_index_norm,child_mortality_rate,land_below_5m_pct,child_mortality_rate_norm,composite_vulnerability,count_glacial_lake_outburst_flood,count_extreme_temperature,disaster_severity_index,count_mass_movement_(wet),disaster_count,count_drought,count_flood,total_damage_usd_millions,total_affected,count_storm,total_deaths,count_wildfire,new_displacement,total_displaced,log_displacement,displacement_rate_per_100k,displacement_yoy_change,new_displacement_rounded,battle_deaths,homicide_rate,oda_received_usd,military_expenditure_pct_gdp,drought_stress,CESI,CESI_category,CESI_lag1,CESI_lag2,CESI_lag3,new_displacement_disasters_lag1,new_displacement_disasters_lag2,new_displacement_disasters_lag3,gdp_per_capita_usd_lag1,gdp_per_capita_usd_lag2,gdp_per_capita_usd_lag3,T2M_annual_mean_lag1,T2M_annual_mean_lag2,T2M_annual_mean_lag3,PRECTOTCORR_annual_total_lag1,PRECTOTCORR_annual_total_lag2,PRECTOTCORR_annual_total_lag3,CESI_roll3_mean,CESI_roll3_std,T2M_annual_mean_roll3_mean,T2M_annual_mean_roll3_std,PRECTOTCORR_annual_total_roll3_mean,PRECTOTCORR_annual_total_roll3_std,new_displacement_disasters_roll3_mean,new_displacement_disasters_roll3_std,CESI_yoy_change,T2M_annual_mean_yoy_change,gdp_per_capita_usd_yoy_change,new_displacement_disasters_yoy_change,climate_economic_stress,climate_agriculture_risk,climate_density_pressure,infra_climate_vulnerability,region,CESI_regional_deviation,new_displacement_disasters_regional_deviation,gdp_per_capita_usd_regional_deviation,CESI_regional_rank
AFG,Afghanistan,2008,0.7158586555664851,42,-0.1401964345950132,37,173.35,0.7702185792349726,14.41188524590164,0.0284909906740151,20.84532786885246,281.9,39.0,45.11784153005464,-29.53,4.372267759562841,12.048169398907104,27.55,-2.3637158469945363,8,2.187677595628416,6,3042274496.10726,3.92498381999467,26482622.0,381.73323802844,,58.0652913892583,,,58.132867240084,,59.708,,0.5515096901630605,0.6890740410794514,10.25649548,,40.6031951918802,0.294306205782796,,0.8878076140877469,2.18654618162979,24.8922700059742,3400.0,42.4,44.6537922388598,21.1241481349633,,0.435268961194299,,,,,,,,,,,,0.0,1.0,6.779889908515919,0.0,3.0,1.0,1.0,0.0,451864.0,0.0,1317.0,0.0,,,,,,,,,,,0.1401964345950132,0.33113280423769204,Moderate,,,,,,,,,,,,,,,,0.33113280423769204,,4.372267759562841,,281.9,,3400.0,,,,,,0.31451310395342125,0.19227322766603813,0.17180679238642915,0.18700097251979664,South Asia,-0.10147439088583288,-1261666.6666666667,-533.7268070633511,6.0
AFG,Afghanistan,2009,0.705639626296014,30,-0.0460479773008545,37,251.92,1.2803013698630137,13.3512602739726,0.0238977896121394,20.10690410958904,467.31,46.970000000000006,55.73936986301369,-23.77,3.044767123287671,10.098109589041098,27.07,-3.2531506849315064,14,2.166794520547945,6,4265888740.23846,21.3905283926492,27466101.0,452.053705477043,,54.884261967606,0.1842136351861611,,58.132867240084,,60.248,,0.5162214997819682,0.6975876552049871,9.81848717,,42.1110666482682,0.283731571510641,,1.5355298944733875,3.64638090813246,29.2975010547259,28000.0,48.3,46.8885842088645,21.6885475109053,,0.4759429210443225,,,,,,,,,,,,0.0,0.0,5.979279043753688,1.0,4.0,0.0,3.0,20.0,62548.0,0.0,79.0,0.0,0.0,297000.0,0.0,,,,,,,,0.0460479773008545,0.3460355327357448,Moderate,0.33113280423769204,,,3400.0,,,381.73323802844,,,4.372267759562841,,,281.9,,,0.3385841684867184,0.010537820379155106,3.708517441425256,0.9386847019396293,374.605,131.10466829979777,15700.0,17394.82681718907,0.04500529185672386,-0.303618330183854,0.18421363518616118,7.235294117647058,0.32546849548989254,0.18991904828768716,0.18125354064406254,0.18134237050036614,South Asia,-0.08645296124957724,-1161833.3333333333,-496.2364855213445,6.0
AFG,Afghanistan,2010,0.7110609518335337,50,-0.0023416629242224,37,280.98,1.5170958904109588,13.2238904109589,0.0154703558287659,20.344164383561644,553.74,49.1,51.34479452054794,-32.58,4.614219178082192,11.631534246575344,25.56,-1.592356164383561,7,2.0674246575342465,6,5162440806.75156,14.3624414710737,28284089.0,560.621505463146,,51.8564248031154,0.2401657118849045,,58.134400441562,,60.702,,0.4803404947654282,0.7075229751699814,8.56967163,,43.3652070588596,0.275525932618866,3.4794499874115,1.2726329647360877,2.93468670173474,26.2100685374552,71000.0,42.7,49.1337948047642,22.2614799010924,,0.459168974023821,102000.0,,,,,,,,,,,0.0,0.0,5.546775642279635,2.0,4.0,0.0,2.0,0.0,45130.0,0.0,339.0,0.0,102000.0,352000.0,0.0,,,102000.0,,,,,0.0023416629242224,0.3202488080754061,Moderate,0.3460355327357448,0.33113280423769204,,28000.0,3400.0,,452.053705477043,381.73323802844,,3.044767123287671,4.372267759562841,,467.31,281.9,,0.3324723816829476,0.012945448735980821,4.010418020310901,0.8449830551095144,434.31666666666666,138.89084359068934,34133.333333333336,34214.81160745056,-0.07452045301957788,0.5154588154840105,0.24016571188490454,1.5357142857142856,0.29664303218554633,0.16606958234249633,0.169024485625314,0.17320049143907035,South Asia,-0.09738103918605506,-2579400.0,-613.7904431575629,6.0
AFG,Afghanistan,2011,0.5489578545225485,34,0.0481307105332766,37,280.33000000000004,1.790547945205479,13.303150684931508,0.022119405858009,20.10558904109589,653.55,43.38,55.747205479452056,-24.08,3.7559178082191766,10.8013698630137,26.96,-2.501780821917808,9,2.119835616438356,5,6344641959.56008,0.426354776777345,29347708.0,606.694676337726,,51.3174929157298,0.0821823109274368,,58.131334038606,,61.25,,0.4722397571638196,0.5854351439503073,8.56190777,,44.9959492816951,0.265472179292502,3.4620099067688,1.661026855372174,3.69150308391849,23.7436639877543,3000.0,43.2,51.3896718184372,22.8205691572485,31.4500007629394,0.472948359092186,186000.0,,,,,,,,,,,0.0,0.0,7.575907035128707,0.0,4.0,1.0,2.0,142.0,1762815.0,1.0,83.0,0.0,186000.0,450000.0,0.0,,,186000.0,,,,,-0.0481307105332766,0.3047173358630887,Moderate,0.3202488080754061,0.3460355327357448,0.33113280423769204,71000.0,28000.0,3400.0,560.621505463146,452.053705477043,381.73323802844,4.614219178082192,3.044767123287671,4.372267759562841,553.74,467.31,281.9,0.32366722555807986,0.020870134924486677,3.80496803652968,0.7858749148227536,558.1999999999999,93.20007027894344,34000.0,34394.767043839674,-0.04849814213410086,-0.18601226702450468,0.08218231092743689,-0.9577464788732395,0.2804105043243121,0.15637329724454113,0.16235791561985113,0.16060177187969837,South Asia,-0.10417197798761485,-486500.0,-731.9226805426348,6.0
AFG,Afghanistan,2012,0.5947970975464092,16,0.050586389245362,37,289.03000000000003,1.8038524590163936,13.243442622950822,0.0346209596934619,19.769726775956286,660.21,63.2,60.622349726775965,-31.66,1.856857923497268,8.722978142076501,25.79,-4.520464480874316,12,1.989426229508197,6,7152304397.72645,12.7522870926697,30560034.0,651.417134470046,,48.7641675804324,0.0737149341779035,,58.129800837128,,61.735,,0.4458758572703046,0.7172347175722562,7.89716864,,46.8546892967205,0.254908093361414,2.60420989990234,1.8966134271252213,4.04786256315645,24.390873626371,30000.0,69.1,53.6558094830286,23.3434391310979,,0.613779047415143,100000.0,,,,,,,,,,,0.0,1.0,5.542863101912209,3.0,10.0,0.0,6.0,0.0,51264.0,0.0,305.0,0.0,100400.0,492000.0,0.0,,,100000.0,,,,,-0.050586389245362,0.3104734964963004,Moderate,0.3047173358630887,0.3202488080754061,0.3460355327357448,3000.0,71000.0,28000.0,606.694676337726,560.621505463146,452.053705477043,3.7559178082191766,4.614219178082192,3.044767123287671,653.55,553.74,467.31,0.31181321347826507,0.007851928964548784,3.408998303266212,1.4110368986171637,622.5,59.64094315149633,34666.666666666664,34239.35357645254,0.01889016460749704,-0.5056180623990612,0.07371493417790353,9.0,0.28388188146893695,0.15139981612428385,0.16713660974261893,0.11991136956915241,South Asia,-0.13256768243614336,-1932933.3333333333,-725.376779222179,6.0
AFG,Afghanistan,2013,1.319112738983319,76,-0.0480302606788066,37,255.52,1.2695616438356163,13.253013698630136,0.0258254812782097,20.462794520547945,463.39,68.55,51.36136986301369,-24.22,4.038082191780823,11.058958904109588,28.62,-2.1940547945205484,22,1.979808219178082,8,7288702710.90529,5.60074465863221,31622704.0,637.087099117099,,46.577795862337,-0.0219982475048112,,58.123668031216,,62.188,,0.4267623174589215,0.7181484689654664,8.80596447,,48.4839765113534,0.246183881049514,3.45445990562439,1.6572922186219712,3.41822667584596,22.8106627361766,15000.0,68.0,55.9321352223542,23.8077136743646,,0.619660676111771,124000.0,,,,,,,,,,,0.0,0.0,4.911968488236205,1.0,5.0,0.0,4.0,0.0,18097.0,0.0,137.0,0.0,124000.0,631000.0,0.0,,,124000.0,,,,,0.0480302606788066,0.47369790976556175,Moderate,0.3104734964963004,0.3047173358630887,0.3202488080754061,30000.0,3000.0,71000.0,651.417134470046,606.694676337726,560.621505463146,1.856857923497268,3.7559178082191766,4.614219178082192,660.21,653.55,553.74,0.3629629140416503,0.09594249738666309,3.216952641165756,1.1862956695571194,592.3833333333333,111.76112442765303,16000.0,13527.74925846866,0.5257273651736851,1.1746856023186552,-0.021998247504811275,-0.5,0.4340188581367861,0.22063804541476065,0.2572120189283055,0.18016594272750105,South Asia,0.04799824485417059,-662166.6666666666,-828.9678166005441,3.0
AFG,Afghanistan,2014,0.8331688844534656,30,0.0146139395407604,37,305.74,1.608958904109589,13.212520547945203,0.0296822539688023,20.154767123287677,587.27,67.53,55.19534246575344,-27.44,3.106547945205479,10.029123287671233,27.32,-3.183397260273973,23,1.9815616438356165,12,7528549879.63682,2.72454336219565,32792523.0,625.054941813938,,43.9051695778457,-0.0188862046019071,,58.123668031216,,62.26,,0.4029693423287105,0.7177037485837094,9.52887821,,50.2775447311531,0.23697475183596,3.69521999359131,1.8263412879267,3.63251884652008,22.1370413719574,13000.0,89.5,58.2185747849882,24.1910166387726,,0.738592873924941,156000.0,,,,,,,,,,,0.0,0.0,6.517524360125925,0.0,3.0,0.0,2.0,3.0,142055.0,1.0,575.0,0.0,156193.0,805409.0,0.0,,,156000.0,,,,,-0.0146139395407604,0.44212425509789466,Moderate,0.47369790976556175,0.3104734964963004,0.3047173358630887,15000.0,30000.0,3000.0,637.087099117099,651.417134470046,606.694676337726,4.038082191780823,1.856857923497268,3.7559178082191766,463.39,660.21,653.55,0.4087652204532523,0.0865746566039421,3.00049602016119,1.094472514612168,570.2900000000001,99.50260499102527,19333.333333333332,9291.573243177543,-0.06665356552511126,-0.2306872922179256,-0.018886204601907153,-0.1333333333333333,0.4057893911296256,0.19411540394551777,0.24225863131503256,0.1155744308932169,South Asia,-0.006573570419662722,-817166.6666666666,-930.530608757317,4.0
AFG,Afghanistan,2015,0.4858036503272509,17,0.1210807615800537,37,339.33,2.185780821917808,13.151671232876714,0.0178881035874074,20.013534246575343,797.81,60.6,60.59638356164383,-25.81,3.1976164383561634,9.974410958904109,24.69,-3.177260273972603,7,2.077835616438356,5,6976966153.82054,1.45131466066431,33831764.0,565.569730408751,,43.6487408597973,-0.0951679723266537,,58.123668031216,,62.27,,0.404029623373886,0.5943192360322211,10.10534763,,51.8709105683578,0.229518035181376,3.25578999519348,1.618351267911636,3.11995924146907,20.6343227166798,71000.0,71.5,60.5153476686209,24.4649118421568,33.75,0.6600767383431045,335000.0,,,,,,,,,,,0.0,0.0,5.891249009008607,4.0,5.0,0.0,1.0,3.0,36717.0,0.0,331.0,0.0,335409.0,1174306.0,0.0,,,335000.0,,,,,-0.1210807615800537,0.2664005399484914,Moderate,0.44212425509789466,0.47369790976556175,0.3104734964963004,13000.0,15000.0,30000.0,625.054941813938,637.087099117099,651.417134470046,3.106547945205479,4.038082191780823,1.856857923497268,587.27,463.39,660.21,0.3940742349373159,0.11168998706841553,3.4474155251141556,0.5135549638982362,616.1566666666666,169.07103162083493,33000.0,32924.155266308655,-0.3974532342960798,0.029315012920124284,-0.09516797232665375,4.461538461538462,0.24659064087945992,0.1162804813312178,0.14710665150939686,0.09055574044644928,South Asia,-0.12740979703426647,-1253666.6666666667,-1049.0442757901644,6.0
AFG,Afghanistan,2016,0.9155327056800804,24,0.1449818029707233,36,392.49,2.315273224043716,12.627377049180328,0.0232598860272993,20.606448087431698,847.3900000000001,87.41,56.542950819672136,-25.75,4.218360655737705,10.886967213114756,23.74,-1.7404098360655742,11,1.9936612021857925,8,7281910524.1067,2.26031420279821,34700612.0,522.082215583898,,43.4117237317358,-0.0768915175029318,,58.123668031216,,62.646,,0.4043178774877717,0.7123656691687535,11.81859016,,53.2030296061205,0.222733823829966,4.5439600944519,1.349079818882528,2.53571991833963,25.7403140364582,7400.0,97.7,62.8220704134542,24.6588345720126,,0.8026103520672709,653000.0,,,,,,,,,,,0.0,0.0,1.7770605025961268,0.0,4.0,0.0,4.0,0.0,0.0,0.0,84.0,0.0,652594.0,1200000.0,0.0,,,653000.0,,,,,-0.1449818029707233,0.29745475463635956,Moderate,0.2664005399484914,0.44212425509789466,0.47369790976556175,71000.0,13000.0,15000.0,565.569730408751,625.054941813938,637.087099117099,3.1976164383561634,3.106547945205479,4.038082191780823,797.81,587.27,463.39,0.33532651656091517,0.09378384071858979,3.507508346433116,0.6172978388459937,744.1566666666668,138.11087478302883,30466.666666666668,35214.39099762103,0.11656963868719084,0.31922034335871974,-0.07689151750293188,-0.895774647887324,0.277036396403903,0.12913023630964898,0.16528490835691292,0.05871448929358732,South Asia,-0.12639257102938062,-586833.3333333334,-1199.5869367272412,6.0
AFG,Afghanistan,2017,1.9109071695826625,117,-0.1701733033090475,37,169.42000000000002,0.6078082191780823,14.30041095890411,0.0294360043729008,20.87879452054794,221.85,46.38,46.36287671232876,-22.1,4.515835616438356,11.988712328767123,29.08,-2.3116986301369864,12,2.17227397260274,5,8097280955.90196,2.6470032027451,35688935.0,525.469770891619,,43.0029679081655,0.0064885476015157,,58.123668031216,,62.406,,0.400319369890788,0.7116794949758044,12.62081718,,54.7183278904681,0.215725126008944,4.34319019317627,1.5366752164917106,2.80833730805469,26.4201990834448,27000.0,97.7,65.142136058033,24.8352821238871,,0.814210680290165,474000.0,,,,,,,,,,,0.0,0.0,4.968176933231101,2.0,5.0,0.0,1.0,0.0,11240.0,2.0,226.0,0.0,473892.0,1286483.0,0.0,,,474000.0,,,,,0.1701733033090475,0.448064992061148,Moderate,0.29745475463635956,0.2664005399484914,0.44212425509789466,7400.0,71000.0,13000.0,522.082215583898,565.569730408751,625.054941813938,4.218360655737705,3.1976164383561634,3.106547945205479,847.3900000000001,797.81,587.27,0.337306762215333,0.09716805118661094,3.977270903510741,0.6913889295017438,622.35,347.727956310677,35133.333333333336,32570.743518276235,0.5063299042199225,0.07051909141434698,0.006488547601515737,2.6486486486486487,0.4171086416060615,0.1926812447437798,0.25069291802751426,0.08324569006083332,South Asia,0.021946651876150802,-446300.0,-1347.7074461847592,2.0
AFG,Afghanistan,2018,0.8788685180456495,129,-0.2398465185677814,37,60.56999999999999,0.2303287671232876,14.402767123287669,0.0117190041039131,20.90728767123288,84.07,14.05,39.4278904109589,-15.58,5.544821917808219,13.235479452054792,28.89,-1.1672876712328766,20,2.37841095890411,13,8206682106.31946,1.18922812944517,36743039.0,491.337221382603,,43.6069134634231,-0.06495625704805,,58.2769881790166,,62.443,,0.4078985397721793,0.7092729844639424,14.20841885,,56.3344817012404,0.212121811698809,,1.6397895006890628,2.91080959861384,22.0428967527575,435000.0,93.4,67.4758694595857,24.9991645191406,,0.8043793472979285,372000.0,,,,,,,,,,,0.0,0.0,6.8200283503188,1.0,5.0,1.0,3.0,0.0,13504000.0,0.0,113.0,0.0,371779.0,2597897.0,0.0,,,372000.0,,,,,0.2398465185677814,0.5506292341315965,High,0.448064992061148,0.29745475463635956,0.2664005399484914,27000.0,7400.0,71000.0,525.469770891619,522.082215583898,565.569730408751,4.515835616438356,4.218360655737705,3.1976164383561634,221.85,847.3900000000001,797.81,0.432049660276368,0.12734479732620993,4.759672729994761,0.6960368333673626,384.4366666666668,406.8048349434078,156466.66666666666,241415.93429873956,0.2289048327534846,0.2278617710583153,-0.06495625704805008,15.11111111111111,0.5150579179297886,0.24011241363207464,0.3102688363978934,0.10771445017766466,South Asia,0.11564951836375476,-117483.33333333337,-1430.318284890794,1.0
AFG,Afghanistan,2019,0.9370492065377732,75,0.0282320240734771,37,431.8200000000001,1.6827397260273973,13.77945205479452,0.0247973930403753,20.46219178082192,614.2,90.3,56.68742465753424,-27.49,3.301260273972603,10.554082191780823,27.59,-3.225369863013698,15,2.054657534246575,5,8497655795.34729,3.91160341625552,37856121.0,496.6025042585,,43.8771686940085,0.0107162304151937,,58.2769881790166,,62.941,,0.4101227504096572,0.7116111069315301,14.83131981,,58.0410606687825,0.20572630777464,,1.7321711091458245,2.98438913621969,25.7739707394105,117000.0,97.7,69.8226976480641,25.1437258839803,,0.8376134882403206,461000.0,,,,,,,,,,,0.0,0.0,5.677389727765711,1.0,7.0,0.0,6.0,0.0,130942.0,0.0,211.0,0.0,460692.0,2993384.0,0.0,,,461000.0,,,,,-0.0282320240734771,0.41980220985967287,Moderate,0.5506292341315965,0.448064992061148,0.29745475463635956,435000.0,27000.0,7400.0,491.337221382603,525.469770891619,522.082215583898,5.544821917808219,4.515835616438356,4.218360655737705,84.07,221.85,847.3900000000001,0.4728321453508058,0.0688402969307708,4.453972602739726,1.1230594315398013,306.7066666666667,275.06352835905585,193000.0,214354.84599140746,-0.2375954928696301,-0.40462284940657955,0.010716230415193762,-0.7310344827586207,0.392391856768122,0.18419732380130427,0.2382639698286199,0.06817021648811719,South Asia,-0.020591709888309884,-1470833.3333333333,-1393.953777317035,4.0
AFG,Afghanistan,2020,1.3143307952398735,67,0.3018956451581695,37,788.4300000000001,3.1654098360655736,13.752486338797814,0.02220233856366,20.761229508196724,1158.54,184.14,59.57827868852459,-25.49,2.3577322404371586,9.523060109289618,27.27,-4.229426229508197,35,1.9764207650273224,9,9748946326.71795,-2.35110067203466,39068979.0,510.787063366811,,45.9834093852142,0.0285632049509911,,58.7415482268525,,61.454,,0.4289523325267211,0.5947567664228275,15.53361416,,59.9006163469942,0.200389162972495,,1.8890313497244435,3.15360920291972,29.9755825210461,49000.0,97.7,72.1820710205908,25.2622103446137,36.0149650316607,0.8494103551029539,404000.0,,,,,,,,,,,0.0,0.0,5.575070957776432,1.0,7.0,0.0,5.0,0.0,51817.0,1.0,328.0,0.0,404139.0,3546858.0,0.0,,,404000.0,,,,,-0.3018956451581695,0.5794409604231316,High,0.41980220985967287,0.5506292341315965,0.448064992061148,117000.0,435000.0,27000.0,496.6025042585,491.337221382603,525.469770891619,3.301260273972603,5.544821917808219,4.515835616438356,614.2,84.07,221.85,0.5166241348048003,0.0850787444402803,3.7346048107393273,1.6371395079712874,618.9366666666666,537.2506605238689,200333.33333333334,206051.77342923635,0.3802713440141756,-0.28580843533431577,0.028563204950991183,-0.5811965811965811,0.5405265830831304,0.26644670897698564,0.33136958994416504,0.08725780846892273,South Asia,0.12513376362291023,-1491666.6666666667,-1313.695313848154,1.0
AFG,Afghanistan,2021,1.3480432657392896,53,-0.0299318111642901,37,415.46,1.3676164383561642,13.868684931506849,0.0161440120624939,21.40649315068493,499.18,184.44,49.55479452054794,-26.18,4.625150684931507,12.03054794520548,28.67,-1.83813698630137,14,2.148931506849315,6,,-20.7388393676343,40000412.0,356.496214115892,,50.2317691205323,-0.3020649118126124,,58.7415482268525,,60.417,,0.478772924021651,0.5812224491156894,21.50844383,,61.3286907992579,0.195722984053264,,1.4449639296561667,2.35609779179185,33.5976188725451,25000.0,97.7,74.5545259961346,25.3478620272481,37.2700004577637,0.861272629980673,723000.0,,,,,,,,,,,0.0,0.0,7.258550215907016,1.0,4.0,1.0,2.0,0.0,11035033.0,0.0,396.0,0.0,723082.0,4314287.0,0.0,,,723000.0,,,,,0.0299318111642901,0.43261320494046296,Moderate,0.5794409604231316,0.41980220985967287,0.5506292341315965,49000.0,117000.0,435000.0,510.787063366811,496.6025042585,491.337221382603,2.3577322404371586,3.301260273972603,5.544821917808219,1158.54,614.2,84.07,0.47728545840775577,0.08870084747481341,3.428047733113756,1.1390140014305772,757.3066666666667,352.20525398314766,63666.666666666664,47721.41378179556,-0.2533955407216104,0.9616946341938875,-0.3020649118126124,-0.4897959183673469,0.41233564480423845,0.21730926629062858,0.24879750650259028,0.060015292157022546,South Asia,0.02228631116188673,-850000.0,-1607.502391311255,2.0
AFG,Afghanistan,2022,0.9597983944274392,30,0.07499772988802,37,449.7900000000001,1.936109589041096,14.016821917808215,0.0180430133531413,20.23460273972603,706.6800000000001,182.89,57.6471506849315,-26.06,3.752493150684931,11.092027397260273,27.22,-2.924794520547945,17,2.0223561643835617,8,,-6.24017199240269,40578842.0,357.261152798144,,51.5362775484024,0.0021457133398992,,58.7415482268525,,65.617,,0.4911547233495498,0.7095010012571508,23.0881691,,62.2155405301811,0.192464831795841,,0.8932312345139148,1.43570437048699,33.7014323213923,220000.0,85.3,76.9392075646596,25.3939250580909,,0.811196037823298,32000.0,,,,,,,,,,,0.0,0.0,5.990583710868652,1.0,6.0,0.0,5.0,0.0,266787.0,0.0,271.0,0.0,32424.0,4513270.0,0.0,,,32000.0,,,,,-0.07499772988802,0.4227124816109583,Moderate,0.43261320494046296,0.5794409604231316,0.41980220985967287,25000.0,49000.0,117000.0,356.496214115892,510.787063366811,496.6025042585,4.625150684931507,2.3577322404371586,3.301260273972603,499.18,1158.54,614.2,0.4782555489915176,0.08776885378965944,3.578458692017865,1.1436837828748587,788.1333333333333,337.14223487028966,98000.0,106334.37826027862,-0.022885855578234637,-0.1886765629257544,0.0021457133398992134,7.800000000000001,0.4028564767159205,0.21785027775476293,0.24393470841709355,0.07980979138969523,South Asia,-0.009870895857177209,-1867166.6666666667,-1579.5052664556767,4.0
AFG,Afghanistan,2023,0.940126178391863,52,-0.1089298492519618,37,195.7,0.9396164383561644,13.845890410958903,0.0314645935694667,20.497890410958902,342.96000000000004,38.16,51.1998904109589,-33.9,4.550931506849316,11.851917808219175,26.54,-1.993972602739726,13,2.06186301369863,4,,2.26694373649188,41454761.0,413.757894705303,,51.2913264558988,0.1581384974679298,,58.4395075356853,,66.035,,0.4850102434044441,0.7166948600737023,14.9857626,,63.5585008355948,0.18926655975655,,1.357351434878923,2.13559384981397,34.7432471445174,418000.0,85.3,78.926564391722,25.4730529631167,,0.82113282195861,,,,,,,,,,,,0.0,1.0,5.715787386539578,0.0,3.0,0.0,2.0,0.0,127549.0,0.0,237.0,0.0,,4186882.0,0.0,,,,,,,,0.1089298492519618,0.353734914162256,Moderate,0.4227124816109583,0.43261320494046296,0.5794409604231316,220000.0,25000.0,49000.0,357.261152798144,356.496214115892,510.787063366811,3.752493150684931,4.625150684931507,2.3577322404371586,706.6800000000001,499.18,1158.54,0.4030202002378924,0.0429684261787634,4.309525114155251,0.48382907916380974,516.2733333333334,182.46149219310163,221000.0,196501.9083876796,-0.1631784497723574,0.21277543331921822,0.15813849746792985,0.8999999999999999,0.3344913627180233,0.18143532961145611,0.20516469148716487,0.06327156587091604,South Asia,-0.06757292996616254,-181333.33333333337,-1579.1331720616024,5.0
BGD,Bangladesh,2008,0.9124651626619338,64,-0.1702107044552102,37,581.72,4.383251366120218,8.74016393442623,0.0035342147564848,16.199945355191257,1604.27,147.35,76.178087431694,7.95,25.44390710382514,30.11450819672131,40.32,21.37434426229508,21,2.065901639344262,13,5787356027.0945,6.01378975738535,149474264.0,613.06204104124,,48.9855434793339,,,71.0839671199201,,67.047,,0.450370323917485,0.73555269929114,2.11878848,,1148.30040715987,0.0535409895043872,2.0545699596405,11.465097085423084,0.9984405660693,17.5956955421992,61000.0,54.3,96.0698868772065,26.87206041368,,0.7518494343860325,,,,,,,,,,,,0.0,0.0,5.702571675993317,1.0,5.0,0.0,2.0,0.0,636090.0,2.0,68.0,0.0,,,,,,,,,,,0.1702107044552102,0.5647258831368326,High,,,,,,,,,,,,,,,,0.5647258831368326,,25.44390710382514,,1604.27,,61000.0,,,,,,0.5192057918480024,0.27663404302304545,0.5538318666991094,0.14013704731725232,South Asia,0.13211868801330767,-1204066.6666666667,-302.3980040505511,1.0
BGD,Bangladesh,2009,1.070995553964534,45,-0.1019926079210321,37,747.9300000000001,5.223671232876712,9.070712328767122,-0.0045537395458796,16.621753424657534,1906.64,231.58,74.97706849315068,9.6,25.830383561643835,30.73816438356165,39.76,21.66745205479452,13,2.083095890410959,7,10341543873.7537,5.04512479919337,150873714.0,679.211477428056,,48.327755652912,0.107900068767047,,71.0301912883153,,67.527,,0.4401194236989976,0.7413085286404968,2.18321705,,1159.05134823692,0.052951569814209,1.93941998481751,10.801112486362236,0.931892491457971,17.1046290519632,1342000.0,57.1,96.2680515706038,27.3111249057412,,0.7668402578530191,5000.0,,,,,,,,,,,0.0,1.0,8.61884404825114,0.0,6.0,1.0,2.0,270.0,4504550.0,2.0,348.0,0.0,5000.0,426490.0,0.0,,,5000.0,,,,,0.1019926079210321,0.48567294748433854,Moderate,0.5647258831368326,,,61000.0,,,613.06204104124,,,25.44390710382514,,,1604.27,,,0.5251994153105856,0.05589886687258233,25.637145332734487,0.2732801240925559,1755.455,213.80787742737652,701500.0,905803.7866999673,-0.13998461556850506,0.015189351864933975,0.10790006876704705,21.0,0.44230089906962355,0.23471483533252677,0.4769332508338275,0.11323937920321256,South Asia,0.053184453499016515,152166.66666666674,-269.0787135703315,1.0
BGD,Bangladesh,2010,0.9048957920241476,47,-0.1197035504580277,37,724.6800000000001,5.005479452054795,8.88123287671233,-0.000465161158177,16.537424657534245,1827.0,213.55,76.04320547945207,9.38,25.854849315068492,30.69797260273973,41.5,21.8167397260274,10,2.3320000000000003,8,11174828666.9521,5.57178818533122,152201981.0,757.385280361508,25.1,47.5925482341612,0.1150949380735875,,70.9917799800261,32.1,68.009,,0.4285321961147853,0.7473186549715714,2.28807664,,1169.25544288238,0.0524040485386324,,10.248880980242705,0.876530534249878,17.0011812592919,569000.0,55.3,96.4638392169857,27.7254372588696,,0.7588191960849284,3500.0,,,,,,,,,,,0.0,0.0,5.981664783615994,1.0,6.0,0.0,2.0,0.0,887390.0,3.0,107.0,0.0,3500.0,426490.0,0.0,,,3500.0,,,,,0.1197035504580277,0.4756003779246655,Moderate,0.48567294748433854,0.5647258831368326,,1342000.0,61000.0,,679.211477428056,613.06204104124,,25.830383561643835,25.44390710382514,,1906.64,1604.27,,0.5086664028486122,0.04880945771080274,25.709713326845826,0.23051974843828366,1779.3033333333333,156.7263003880758,657333.3333333334,645052.1942706135,-0.02073940830315213,0.0009471695751737119,0.1150949380735875,-0.5760059612518629,0.42823946602377355,0.22635033926564935,0.46762160356510324,0.11470568149018268,South Asia,0.05797053066320429,-2081400.0,-417.02666825920096,2.0
BGD,Bangladesh,2011,1.098996853205178,69,-0.1486072571573413,37,668.8299999999999,4.649397260273972,8.979808219178082,0.0032505188501146,16.042931506849314,1697.0299999999995,189.83,74.77953424657534,7.91,25.48832876712329,30.30827397260274,38.33,21.32846575342466,8,2.1135342465753424,4,9174749651.12681,6.46437912497728,153591076.0,837.336944695647,,46.7735957702428,0.1055627385522692,,70.1236844126911,,68.499,,0.4162413189495648,0.7159752054544302,2.36418128,,1179.92683413997,0.0511943805901848,2.13269996643066,10.719940837085062,0.908525895582217,16.8099867573503,400000.0,59.6,96.6571382365005,28.1100162712427,58.7700004577637,0.7812856911825026,600.0,,,,,,,,,,,0.0,2.0,6.152873081198274,1.0,5.0,0.0,1.0,0.0,1672680.0,1.0,102.0,0.0,600.0,426490.0,0.0,,,600.0,,,,,0.1486072571573413,0.44690067309238385,Moderate,0.4756003779246655,0.48567294748433854,0.5647258831368326,569000.0,1342000.0,61000.0,757.385280361508,679.211477428056,613.06204104124,25.854849315068492,25.830383561643835,25.44390710382514,1827.0,1906.64,1604.27,0.46939133283379597,0.020118063924905765,25.724520547945204,0.2049135458395321,1810.2233333333334,105.80727968024424,770333.3333333334,502237.3276981046,-0.06034415901332113,-0.014176085247249559,0.10556273855226928,-0.29701230228471,0.3976998615226553,0.20903151432672584,0.4399679444589893,0.0977435718254751,South Asia,0.03801135924168031,-89500.0,-501.2804121847138,2.0
BGD,Bangladesh,2012,0.8988333365046581,49,-0.1915614563319393,37,457.57,4.120218579234972,9.48035519125683,-0.0053601827381473,16.263961748633882,1508.0,97.17,73.14693989071039,6.55,25.441748633879783,30.64666666666667,39.1,21.166311475409834,16,2.3552185792349727,5,12754226899.6072,6.52145877906443,155070101.0,859.680536375497,,45.9180677941619,0.0266841106455315,,70.0622263194284,,68.989,,0.4072789635543903,0.7158752679222696,2.3537879,,1191.28909118845,0.0506545101173307,2.17549991607666,11.416789442964378,0.958355912717609,16.1775631732753,651000.0,65.5,96.8477733718652,28.4787972894576,57.8600006103516,0.811738866859326,5000.0,,,,,,,,,,,0.0,1.0,7.002000294404819,0.0,5.0,0.0,2.0,0.0,5658154.0,2.0,344.0,0.0,5000.0,426490.0,0.0,,,5000.0,,,,,0.1915614563319393,0.4435720356019853,Moderate,0.44690067309238385,0.4756003779246655,0.48567294748433854,400000.0,569000.0,1342000.0,837.336944695647,757.385280361508,679.211477428056,25.48832876712329,25.854849315068492,25.830383561643835,1697.0299999999995,1827.0,1906.64,0.45535769553967825,0.017609503101741055,25.594975572023856,0.22625914113305473,1677.343333333333,160.40861458579246,540000.0,127988.28071350907,-0.007448271373962423,-0.0018275083340728582,0.026684110645531556,0.6275,0.39343458381464563,0.20367970802366359,0.4372820512615352,0.08350737405194517,South Asia,0.0005308566695415573,-1311933.3333333333,-517.113377316728,2.0
BGD,Bangladesh,2013,1.0656114642875931,65,-0.1192098501512456,37,635.36,5.011561643835616,9.1206301369863,0.0014831709947362,16.32608219178082,1829.22,173.82,74.88005479452055,4.37,25.48471232876712,30.48553424657534,40.35,21.36490410958904,14,2.3932054794520545,12,18087689200.062,6.01360565834344,156532141.0,958.262989798283,,45.0991832486723,0.1146733574292839,,69.9700391795345,,69.487,,0.3941701098026121,0.7323623507570416,2.29574466,,1202.52086502266,0.0493061677345869,1.96616995334625,11.284556209317264,0.938408350120779,15.4932779975908,1160000.0,61.5,97.035648544406,28.8407036106763,61.0200004577637,0.79267824272203,,,,,,,,,,,,0.0,0.0,6.758753101497272,0.0,3.0,0.0,0.0,20.0,1532207.0,3.0,50.0,0.0,0.0,426490.0,0.0,,,,,,,,0.1192098501512456,0.525139543643369,High,0.4435720356019853,0.44690067309238385,0.4756003779246655,651000.0,400000.0,569000.0,859.680536375497,837.336944695647,757.385280361508,25.441748633879783,25.48832876712329,25.854849315068492,1508.0,1697.0299999999995,1827.0,0.47187075077924606,0.046162140080224255,25.471596576590063,0.025912244588635745,1678.083333333333,161.44597930370801,737000.0,387229.905869885,0.18388785021284293,0.0016887084101651073,0.11467335742928397,0.781874039938556,0.45897574339263497,0.23683364509896443,0.5183781519924723,0.10887285300429447,South Asia,0.09943987873197785,482833.3333333334,-507.7919259193601,1.0
BGD,Bangladesh,2014,1.120753015159625,46,-0.1508578189161861,37,710.7199999999999,4.621671232876712,9.451972602739726,-0.0007656500248011,16.525205479452055,1686.91,191.8,72.26857534246575,8.24,25.994684931506846,31.136849315068496,41.97,21.68487671232877,20,2.180082191780822,12,22319788312.4798,6.0610593588495,157964929.0,1094.46199702838,,44.4046216094801,0.1421311358990993,,69.900898824614,,70.016,,0.380147833684016,0.7396982050800042,2.27915168,,1213.52791733886,0.0487386665428755,2.09871663086838,11.057274823571204,0.911167733810249,15.3516208986344,543000.0,62.4,97.220803624287,29.1944442321013,61.0900001525879,0.7981040181214349,,,,,,,,,,,,0.0,0.0,7.771365209164141,0.0,4.0,0.0,2.0,160.0,3205709.0,2.0,79.0,0.0,0.0,426490.0,0.0,,,,,,,,0.1508578189161861,0.5586950254774822,High,0.525139543643369,0.4435720356019853,0.44690067309238385,1160000.0,651000.0,400000.0,958.262989798283,859.680536375497,837.336944695647,25.48471232876712,25.441748633879783,25.48832876712329,1829.22,1508.0,1697.0299999999995,0.5091355349076122,0.059206603695694845,25.640381964717914,0.30758643334219454,1674.71,160.95714367495464,784666.6666666666,329503.16134042374,0.06389821951191932,0.02001092247621994,0.14213113589909931,-0.5318965517241379,0.4782986453373082,0.24808641201426443,0.5522094659840604,0.11279828073944619,South Asia,0.1099971999599248,-287166.6666666666,-461.123553542875,1.0
BGD,Bangladesh,2015,1.1724818215079735,76,-0.025538000502728,37,873.3,6.165561643835616,8.514328767123288,0.0010646236763461,15.480630136986305,2250.43,235.96,73.93479452054794,9.35,25.865726027397265,30.439698630136984,37.77,21.9253698630137,10,2.008356164383561,7,27493077971.9949,6.55263987816197,159383179.0,1224.38647668165,,43.542342342038,0.1187108186543099,,70.3867250518553,,70.543,,0.3653277331965525,0.759373290349436,2.27217698,,1224.42328493508,0.0487017516446952,1.87225417109978,10.944132586648095,0.89381937776758,14.7829964369364,531000.0,74.0,97.4031438216165,29.5395099477892,65.1399993896484,0.8570157191080825,,,,,,,,,,,,0.0,0.0,7.918716312265053,1.0,7.0,0.0,2.0,84.0,4073154.0,4.0,155.0,0.0,0.0,426438.0,0.0,,,,,,,,0.025538000502728,0.49761788569204635,Moderate,0.5586950254774822,0.525139543643369,0.4435720356019853,543000.0,1160000.0,651000.0,1094.46199702838,958.262989798283,859.680536375497,25.994684931506846,25.48471232876712,25.441748633879783,1686.91,1829.22,1508.0,0.5271508182709659,0.03058820312331405,25.781707762557076,0.26516469506017043,1922.1866666666665,293.03719633065947,744666.6666666666,359739.25742589356,-0.10932107321563667,-0.004960972000598307,0.11871081865430999,-0.02209944751381221,0.41750995559654047,0.21667448334324213,0.4924598224314734,0.07115153554463365,South Asia,0.10380754870928849,-793666.6666666667,-390.22752951726534,2.0
BGD,Bangladesh,2016,0.9678518410636467,54,0.119986089179164,36,1099.3,7.958360655737706,8.446284153005465,-0.0033600432246943,15.940081967213114,2912.76,242.38,76.95147540983606,9.65,26.19243169398907,30.791311475409834,40.07,22.34502732240437,14,2.077622950819672,7,32283838538.9037,7.11347821270093,160811932.0,1649.28380858601,19.5,42.6647464152912,0.3470287690990534,,70.6323269570562,32.4,71.075,,0.3341296063357669,0.7979103664211527,2.38938212,,1235.3993393255,0.048467858715857,1.28183996677399,11.025104171679011,0.892432416039535,13.4647923176039,614000.0,75.9,97.5826981722131,29.8753915517965,72.7600021362305,0.8674134908610656,,,,,,,,,,,,0.0,0.0,8.5779826917996,0.0,3.0,0.0,1.0,750.0,3103555.0,2.0,193.0,0.0,,426070.0,0.0,,,,,,,,-0.119986089179164,0.47879088699758077,Moderate,0.49761788569204635,0.5586950254774822,0.525139543643369,531000.0,543000.0,1160000.0,1224.38647668165,1094.46199702838,958.262989798283,25.865726027397265,25.994684931506846,25.48471232876712,2250.43,1686.91,1829.22,0.5117012660557031,0.04177228792398594,26.017614217631063,0.1645553471250042,2283.366666666667,613.5883584564932,562666.6666666666,44859.038479812734,-0.037834248397809356,0.01263083302768142,0.34702876909905345,0.15630885122410554,0.37496580673995883,0.20427491779704127,0.4744221439849862,0.06348121231454326,South Asia,0.054943561331840585,19766.666666666628,-72.38534372512913,3.0
BGD,Bangladesh,2017,0.8464086922940349,39,0.5670202330244071,37,1680.41,13.465643835616437,7.552273972602739,0.0040048121651535,15.601287671232878,4914.959999999999,349.31,81.63043835616439,7.28,25.238082191780823,29.293342465753422,34.21,21.741068493150685,7,2.0478356164383564,7,33431482893.1712,6.59024999794057,162186147.0,1811.08221668646,,40.5973044110147,0.098102223072914,,70.5794729968503,,71.606,,0.309302009037451,0.8039592094983408,2.36720181,,1245.95641852962,0.0480147666372517,2.11342875356648,10.602058911211232,0.850917315689336,12.9572760433733,946000.0,88.0,97.7594255729943,30.2015798381799,72.8899993896484,0.9287971278649716,6000.0,,,,,,,,,,,0.0,0.0,9.122011677974616,1.0,5.0,0.0,2.0,628.0,11466224.0,2.0,323.0,0.0,6000.0,432070.0,0.0,,,6000.0,,,,,-0.5670202330244071,0.4464609805255451,Moderate,0.47879088699758077,0.49761788569204635,0.5586950254774822,614000.0,531000.0,543000.0,1649.28380858601,1224.38647668165,1094.46199702838,26.19243169398907,25.865726027397265,25.994684931506846,2912.76,2250.43,1686.91,0.4742899177383908,0.025873756583799777,25.765413304389053,0.4850182727375111,3359.383333333333,1387.2758671703816,697000.0,219597.35881836098,-0.06752406394944399,-0.03643607868708365,0.09810222307291405,0.5407166123778502,0.34014888485038197,0.1812511233403566,0.442915510842812,0.031789304109639795,South Asia,0.02034264034054789,472700.0,-62.09500038991814,3.0
BGD,Bangladesh,2018,1.057870700443016,40,0.0962036026241872,37,881.45,7.665369863013698,8.15964383561644,0.0059413557473292,15.769150684931509,2797.86,280.35,78.94482191780821,7.01,25.065123287671238,29.408712328767123,35.4,21.249068493150684,14,1.8963835616438356,12,32028383716.595,7.31941263014136,163523103.0,1965.24372731467,,40.7657978851531,0.0851212105159215,,70.694476453868,,72.122,,0.3023228162383547,0.8124348316786474,2.31622243,,1256.22726434662,0.047530286897748,2.09477473545666,10.313063023372552,0.820955197842845,12.4800771856196,78000.0,86.9,97.933316165493,30.5175656009959,73.9100036621094,0.9241665808274652,300.0,,,,,,,,,,,0.0,1.0,4.717956805677232,0.0,4.0,0.0,2.0,0.0,14000.0,1.0,102.0,0.0,300.0,426070.0,0.0,,,300.0,,,,,-0.0962036026241872,0.5039251345333091,High,0.4464609805255451,0.47879088699758077,0.49761788569204635,946000.0,614000.0,531000.0,1811.08221668646,1649.28380858601,1224.38647668165,25.238082191780823,26.19243169398907,25.865726027397265,4914.959999999999,2912.76,2250.43,0.4763923340188117,0.028807065821616906,25.49854572448038,0.6071136628659111,3541.86,1190.526442377489,546000.0,437977.1683546986,0.12871036107146683,-0.00685309219596375,0.08512121051592159,-0.9175475687103594,0.37371540298218214,0.20542910183633464,0.5004986072366345,0.03821436595864044,South Asia,0.06894541876546739,-474483.3333333334,43.588221041272845,2.0
BGD,Bangladesh,2019,0.911851197495542,47,0.1411948229237802,37,1089.9400000000005,8.219643835616438,8.483479452054794,-0.0007126569814645,16.114849315068493,3000.17,283.33000000000004,77.42383561643835,8.76,25.667287671232877,30.18909589041096,39.74,21.705616438356163,20,2.0799178082191783,9,32696936140.2925,7.88191515117722,164913055.0,2129.79896954606,,40.84013231722,0.0837327400893119,,72.1902127986479,,72.625,,0.2940380024249649,0.8199863982897863,2.12712646,,1266.90523930245,0.0476432869429288,1.13094997406006,10.72322849507482,0.84641125179804,11.9753231358984,4084000.0,92.2,98.1043633059551,30.8228396343012,74.6800003051758,0.9515218165297756,29.0,,,,,,,,,,,0.0,1.0,8.311142690426516,1.0,6.0,0.0,1.0,80.785,7884067.0,3.0,260.0,0.0,29.0,426070.0,0.0,,,29.0,,,,,-0.1411948229237802,0.5537866366341103,High,0.5039251345333091,0.4464609805255451,0.47879088699758077,78000.0,946000.0,614000.0,1965.24372731467,1811.08221668646,1649.28380858601,25.065123287671238,25.238082191780823,26.19243169398907,2797.86,4914.959999999999,2912.76,0.5013909172309883,0.053707688535116004,25.32349771689498,0.31003603847849054,3570.9966666666664,1168.2938050992714,1702666.6666666667,2107467.042051508,0.09894624951973974,0.02402399448231818,0.08373274008931197,51.35897435897436,0.3987115299743424,0.22616719515645295,0.5506728778614075,0.026846570174106875,South Asia,0.11339271688612756,2496166.666666667,239.24268797052514,1.0
BGD,Bangladesh,2020,0.7642553049497007,51,0.1224167969860502,37,868.75,7.988306010928961,7.757950819672131,0.0070427431281975,15.547677595628414,2923.72,200.38,80.98584699453552,8.15,25.111666666666665,29.240355191256835,36.73,21.4824043715847,25,1.93051912568306,9,43171735335.8001,3.44801755122445,166298024.0,2248.85078828233,,42.5476764075219,0.0558981483410354,,72.4437274333564,,71.421,,0.2996718826318942,0.8181394448342723,2.18254924,,1277.54493354844,0.0474449413782571,2.13974351741877,10.684246716961113,0.836310836229073,11.9996868602485,4443000.0,96.2,98.2725719690138,31.1168927321524,74.9100036621094,0.9723628598450692,210.0,,,,,,,,,,,0.0,0.0,9.310300786029774,0.0,2.0,0.0,1.0,2000.0,8048271.0,1.0,283.0,0.0,210.0,426280.0,0.0,,,210.0,,,,,-0.1224167969860502,0.5387403800855297,High,0.5537866366341103,0.5039251345333091,0.4464609805255451,4084000.0,78000.0,946000.0,2129.79896954606,1965.24372731467,1811.08221668646,25.667287671232877,25.065123287671238,25.238082191780823,3000.17,2797.86,4914.959999999999,0.5321507170843165,0.025575576079322572,25.281359208523593,0.3350330659486298,2907.25,102.155664062266,2868333.3333333335,2423157.100423605,-0.02716977180964686,-0.02164704785651883,0.05589814834103546,0.08790401567091077,0.3794457361284045,0.22922151359544474,0.5363377597211768,0.014889243391544472,South Asia,0.0844331832853083,2902333.333333333,424.36841106736506,2.0
BGD,Bangladesh,2021,0.9419647999947536,45,-0.0093548602664501,37,737.3400000000001,6.364931506849315,8.44276712328767,-0.0013130424482322,15.800438356164385,2323.2,169.24,76.79961643835617,8.32,25.68591780821918,30.18819178082192,40.02,21.745424657534247,10,2.0080821917808223,5,46165532457.1555,6.93867912442445,167658854.0,2482.84917843357,,43.4657157854774,0.1040524304104533,,72.3515402934624,,71.103,,0.2927650699683334,0.8254542303469301,2.26678729,,1287.99918568026,0.0469650114630988,2.17090882504654,10.49690992224188,0.814977993693211,11.6328584271282,99000.0,99.0,98.4379436580879,31.3992156886061,76.3600006103516,0.9871897182904394,150.0,,,,,,,,,,,0.0,0.0,5.567286278329127,0.0,2.0,0.0,1.0,0.0,1568744.0,1.0,24.0,0.0,,426070.0,0.0,,,,,,,,0.0093548602664501,0.42368376511277006,Moderate,0.5387403800855297,0.5537866366341103,0.5039251345333091,4443000.0,4084000.0,78000.0,2248.85078828233,2129.79896954606,1965.24372731467,25.111666666666665,25.667287671232877,25.065123287671238,2923.72,3000.17,2797.86,0.5054035939441368,0.07117018531100167,25.48829071537291,0.32629898260482765,2749.03,370.75536718974485,2875333.3333333335,2411066.2233404815,-0.2135659757943027,0.022867902364870796,0.10405243041045331,-0.9777177582714383,0.285373897326064,0.1841571811731263,0.42227442812694954,0.005427508386861869,South Asia,0.013356871334193832,-776000.0,518.8505730064232,5.0
BGD,Bangladesh,2022,0.9356900854423787,33,-0.0500562251976523,37,760.37,5.863506849315069,8.521616438356164,0.0041476224202476,16.204054794520548,2140.1800000000003,203.91,78.78027397260274,9.31,25.359041095890408,29.92608219178082,40.07,21.404465753424656,16,2.122438356164384,9,33747202271.7021,7.09982877575158,169384897.0,2716.48592780431,5.9,43.6687012820915,0.0941002584450745,,72.3706433287272,30.9,74.265,,0.2807178503621163,0.8498623873900231,2.21544909,,1300.36002610164,0.0467438369077262,2.08538657806243,13.318727526261505,1.02423384746683,11.2176010351595,1524000.0,99.4,98.5792972461401,31.673734726234,79.0,0.9898964862307004,120.0,,,,,,,,,,,0.0,0.0,8.687995258787012,0.0,2.0,0.0,1.0,462.5,8200000.0,1.0,176.0,0.0,122.0,426070.0,0.0,,,120.0,,,,,0.0500562251976523,0.4878616920856682,Moderate,0.42368376511277006,0.5387403800855297,0.5537866366341103,99000.0,4443000.0,4084000.0,2482.84917843357,2248.85078828233,2129.79896954606,25.68591780821918,25.111666666666665,25.667287671232877,2323.2,2923.72,3000.17,0.4834286124279894,0.05765626859835758,25.385541856925418,0.2880413358272864,2462.3666666666663,409.88931888173846,2022000.0,2214404.4346053856,0.1514760117273226,-0.012725911325005335,0.09410025844507452,14.393939393939394,0.3136147434100065,0.21304286498664748,0.4868868513970665,0.0049291173235013665,South Asia,0.05527831461753269,-563166.6666666667,779.7195085504893,2.0
BGD,Bangladesh,2023,0.7862880694523664,52,0.040597825728778,37,869.51,6.9803287671232885,8.563287671232876,0.0026728739484185,15.826657534246577,2547.82,208.47000000000003,77.13293150684932,9.53,25.82484931506849,30.38161643835617,39.13,21.81832876712329,15,1.912109589041096,11,21859709190.8892,5.77511237007889,171466990.0,2551.01773827307,,45.3663393707013,-0.0609125885165122,,72.311124788429,,74.672,,0.301500688728387,0.8193524095828658,2.17014575,,1319.17979689183,0.0459587002722798,2.16213826344701,16.116614218871586,1.22171475464107,11.0036900209598,1791000.0,99.5,98.6816683567859,32.1578465036834,,0.9909083417839296,,,,,,,,,,,,0.0,0.0,7.374889121475599,0.0,4.0,0.0,1.0,251.0,3250018.0,3.0,20.0,0.0,,426070.0,0.0,,,,,,,,-0.040597825728778,0.5129982124397444,High,0.4878616920856682,0.42368376511277006,0.5387403800855297,1524000.0,99000.0,4443000.0,2716.48592780431,2482.84917843357,2248.85078828233,25.359041095890408,25.68591780821918,25.111666666666665,2140.1800000000003,2323.2,2923.72,0.47484788987939436,0.04605743057562732,25.623269406392694,0.23914000282685774,2337.066666666667,204.17346970979233,1138000.0,909649.9326664067,0.05152386580429069,0.018368526531295837,-0.06091258851651227,0.1751968503937007,0.3409340857395772,0.23272851002104566,0.5129982124397444,0.004664004412957223,South Asia,0.09169036831132588,1191666.6666666665,558.1266715061645,2.0
IDN,Indonesia,2008,0.5479984325772317,11,-0.0355884002693549,37,880.54,8.517786885245902,5.622677595628415,0.0001394277867964,17.143387978142076,3117.51,206.87,91.1574043715847,20.09,25.237704918032787,28.30983606557377,30.76,22.68715846994536,4,0.1182240437158469,3,51640625721.3198,6.01370360009123,240157903.0,2124.55483920618,38.0,40.7045813010654,,,26.2043436045121,32.6,68.085,,0.2933427296777723,0.8600497746404385,2.54842305,,127.912368929422,0.0745307682004535,2.90190005302429,1.6594716685410065,1.29735043016571,14.4817402607761,221000.0,92.7,83.4896329573105,48.4644736032029,92.1900024414062,0.8809481647865525,,,,,,,,,,,,0.0,0.0,6.182831336014429,1.0,13.0,0.0,12.0,1.733,476195.0,0.0,133.0,0.0,,,,,,,,,,,0.0355884002693549,0.31955305816541385,Moderate,,,,,,,,,,,,,,,,0.31955305816541385,,25.237704918032787,,3117.51,,221000.0,,,,,,0.23028996580458364,0.13007273436098168,0.21609432183020177,0.03804337802266206,Southeast Asia,-0.0646655386530256,-886400.0,277.63138716717935,5.0
IDN,Indonesia,2009,0.7045121317220161,15,-0.1265808152024531,37,820.6300000000001,7.421095890410959,5.866493150684931,0.0011169948398783,17.1567397260274,2708.7000000000003,177.96,89.84630136986301,19.57,25.474136986301367,28.62934246575342,31.03,22.76284931506849,8,0.1271506849315068,4,66118917968.1398,4.62887118256153,243220028.0,2218.48541852977,37.9,40.0562763550069,0.0442118873988144,,26.5727183586424,33.4,68.267,,0.2837236757648825,0.8636885222258843,2.62324095,,129.543311146252,0.0735580196545327,3.52513003349304,1.6412959408997647,1.26698625068088,15.290148146172,854000.0,93.6,84.3913253324257,49.16775798133,92.5800018310547,0.8899566266621284,500.0,,,,,,,,,,,0.0,0.0,5.078901472268816,2.0,7.0,0.0,5.0,0.0,26809.0,0.0,155.0,0.0,500.0,70000.0,0.0,,,500.0,,,,,0.1265808152024531,0.35279141747736487,Moderate,0.31955305816541385,,,221000.0,,,2124.55483920618,,,25.237704918032787,,,3117.51,,,0.3361722378213894,0.023503069264995572,25.355920952167075,0.16718271876267546,2913.1050000000005,289.07232321687263,537500.0,447598.5924910846,0.10401515010613815,0.009368207966471864,0.04421188739881443,2.8642533936651584,0.24988662664963265,0.1413151051414794,0.2391886688302226,0.03882235766385859,Southeast Asia,-0.03213167541483569,314083.3333333334,372.02919275962745,6.0
IDN,Indonesia,2010,0.2483711613210406,3,0.2994756448571738,37,1107.7800000000002,12.556164383561644,5.391123287671232,-0.0016493239524903,17.648794520547945,4583.0,261.92,91.8291506849315,21.4,25.602931506849316,28.56920547945205,30.67,23.17808219178082,4,0.1073424657534246,3,96210980584.0428,6.22385418062366,246305322.0,3065.68348377765,34.1,38.7302728008608,0.3818812862918583,,26.568260667402,34.6,68.364,,0.2311897981402249,0.8755078639488914,2.7908783,,131.186593584406,0.0726026301616008,2.81227993965149,1.6536613251469665,1.26054140134601,13.929212707137,409000.0,94.2,85.1661850718562,49.8521375148888,92.3199996948242,0.896830925359281,35000.0,,,,,,,,,,,0.0,0.0,7.014847001955214,1.0,8.0,0.0,7.0,78.0,56608.0,0.0,424.0,0.0,35000.0,200000.0,0.0,,,35000.0,,,,,-0.2994756448571738,0.30638663413890593,Moderate,0.35279141747736487,0.31955305816541385,,854000.0,221000.0,,2218.48541852977,2124.55483920618,,25.474136986301367,25.237704918032787,,2708.7000000000003,3117.51,,0.32624370326056157,0.02391494361302671,25.438257803727822,0.18523796074576443,3469.736666666667,985.5444388932103,494666.6666666667,325078.96476599853,-0.13153603245304646,0.005055893379909415,0.38188128629185836,-0.5210772833723654,0.1828891432385219,0.11866437922737359,0.20826013635999419,0.03160962552639545,Southeast Asia,-0.09909293807925645,-89500.0,757.6116929327536,6.0
IDN,Indonesia,2011,0.5288091120245568,13,0.0426233605484852,37,1097.77,9.460438356164383,5.748794520547945,0.0011995617228045,17.00613698630137,3453.06,288.22,90.78476712328768,20.27,25.208109589041097,28.31997260273973,30.48,22.57117808219178,2,0.1247945205479452,2,110136597662.435,6.16978420771008,249470032.0,3579.46442466152,31.2,36.8121228894469,0.1675909935264321,,27.0964207552627,37.9,68.629,,0.1948725554454405,0.884046693412392,2.98942471,,132.872174396105,0.0716480639245679,3.18944001197815,1.696363513061492,1.27668830646548,13.5122870743946,7400.0,94.8,85.6378136701144,50.4830017089844,92.8099975585938,0.902189068350572,15000.0,,,,,,,,,,,0.0,0.0,4.8705108785884725,2.0,8.0,0.0,6.0,0.0,19868.0,0.0,115.0,0.0,15000.0,180000.0,0.0,,,15000.0,,,,,-0.0426233605484852,0.3345280417312249,Moderate,0.30638663413890593,0.35279141747736487,0.31955305816541385,409000.0,854000.0,221000.0,3065.68348377765,2218.48541852977,2124.55483920618,25.602931506849316,25.474136986301367,25.237704918032787,4583.0,2708.7000000000003,3117.51,0.33123536444916524,0.023376960280052938,25.428392694063927,0.20134669577539221,3581.5866666666666,943.7369604573792,423466.6666666667,423485.36377699446,0.09184933171582332,-0.015420965279018817,0.16759099352643214,-0.9819070904645477,0.17708930983442742,0.1231468738217587,0.22797859552203537,0.032720499424589836,Southeast Asia,-0.02619376104908344,-760666.6666666666,981.0407262972049,5.0
IDN,Indonesia,2012,0.4381003469128439,14,-0.03960314918734,37,915.09,8.469398907103825,5.706202185792349,0.0007245508798831,17.123907103825136,3099.8,141.46,90.93521857923496,19.88,25.29571038251366,28.422158469945355,30.62,22.715956284153,5,0.1164480874316939,2,112797627833.066,6.03005065305615,252698525.0,3632.27254030331,26.6,35.5604756448204,0.0147530773816209,,27.0919630640223,37.1,68.862,,0.1857776566151578,0.8102353160862734,2.91427088,,134.591727167608,0.070699563442248,3.40748000144958,1.730631796632636,1.28583816632167,13.3739742350727,104000.0,96.0,86.0745858271754,51.1593933105469,,0.910372929135877,5000.0,,,,,,,,,,,0.0,0.0,5.2376641760230855,2.0,11.0,0.0,7.0,1.0,44085.0,2.0,94.0,0.0,5000.0,170000.0,0.0,,,5000.0,,,,,0.03960314918734,0.3043269402164811,Moderate,0.3345280417312249,0.30638663413890593,0.35279141747736487,7400.0,409000.0,854000.0,3579.46442466152,3065.68348377765,2218.48541852977,25.208109589041097,25.602931506849316,25.474136986301367,3453.06,4583.0,2708.7000000000003,0.3150805386955373,0.01687348853989083,25.368917159468026,0.2073415318730764,3711.9533333333334,774.751494695772,173466.66666666666,209618.3516139112,-0.09027973068699802,0.003475103643259647,0.014753077381620905,13.054054054054054,0.15898872209408726,0.1082201074563089,0.20793729550307322,0.027275932236644283,Southeast Asia,-0.020145723975745822,-707080.0,873.4386710306167,5.0
IDN,Indonesia,2013,0.464875523544773,7,0.0397023631031637,37,955.86,9.425232876712329,5.408986301369863,-0.0012324325124684,17.4746301369863,3440.21,180.41,91.44542465753425,20.51,25.407041095890413,28.356164383561644,30.64,22.94717808219178,6,0.1245479452054794,2,99386826239.0833,5.5572636889101,255852467.0,3566.60284506078,27.2,34.6902320718856,-0.0180795065661693,,27.3538142623324,38.9,69.064,,0.1842265169513783,0.8103256154348486,2.86934805,,136.271572751061,0.0697953246626307,3.35904002189636,1.690285355470402,1.24038001568984,13.3566991621949,427000.0,96.5,86.4972383225177,51.8307495117188,,0.9149861916125884,3000.0,,,,,,,,,,,0.0,0.0,8.317735568376204,2.0,12.0,0.0,10.0,3006.0,591279.0,0.0,123.0,0.0,3000.0,90000.0,0.0,,,3000.0,,,,,-0.0397023631031637,0.30804887591318153,Moderate,0.3043269402164811,0.3345280417312249,0.30638663413890593,104000.0,7400.0,409000.0,3632.27254030331,3579.46442466152,3065.68348377765,25.29571038251366,25.208109589041097,25.602931506849316,3099.8,3453.06,4583.0,0.3156346192869625,0.01646767318341033,25.30362035581506,0.09970136339366466,3331.023333333333,200.34832925016724,179466.66666666666,219744.06324934767,0.01223005657682763,0.0044011696723771365,-0.0180795065661693,3.105769230769231,0.1635929426550765,0.10686286994911758,0.21100824305981966,0.02618840811084074,Southeast Asia,-0.07416257603838455,-1051166.6666666667,694.8965205449917,6.0
IDN,Indonesia,2014,0.634907441690532,11,-0.0725525916379372,35,999.42,8.07227397260274,5.724109589041096,0.0005538209825207,17.047369863013696,2946.38,183.89,90.28901369863011,20.7,25.55627397260274,28.642383561643832,30.54,22.918273972602734,5,0.1284931506849315,4,111862594561.997,5.006668425755,258877399.0,3441.06808464008,25.7,34.0046946767182,-0.0351972916173011,,27.5091419048223,38.8,69.292,,0.1861984880753157,0.892743974869268,2.96433568,,137.882705314833,0.0689474502948015,3.28800988197327,1.620619422731599,1.17536091203837,13.3367549992146,943000.0,97.0,86.9065589204206,52.5002136230469,95.120002746582,0.919532794602103,800.0,,,,,,,,,,,0.0,0.0,8.068888317228893,2.0,8.0,0.0,6.0,928.0,427127.0,0.0,204.0,0.0,800.0,84000.0,0.0,,,800.0,,,,,0.0725525916379372,0.2852115439345969,Moderate,0.30804887591318153,0.3043269402164811,0.3345280417312249,427000.0,104000.0,7400.0,3566.60284506078,3632.27254030331,3579.46442466152,25.407041095890413,25.29571038251366,25.208109589041097,3440.21,3099.8,3453.06,0.29919578668808655,0.012252856212899416,25.419675150335603,0.13074043222668713,3162.1300000000006,252.74649137030644,491333.3333333333,423183.56930926954,-0.07413541734533369,0.005873681872245351,-0.03519729161730112,1.2084309133489461,0.15617243079852788,0.09698531469771367,0.195828210451673,0.022950175887636527,Southeast Asia,-0.12750687677118538,-233166.66666666674,544.392576946665,6.0
IDN,Indonesia,2015,0.605996196566684,20,-0.0400988324730689,37,895.9799999999999,8.463424657534246,5.875589041095891,0.0016093854494932,16.620301369863014,3089.15,156.39,90.31879452054795,19.93,25.51230136986301,28.64438356164384,31.0,22.768794520547942,4,0.1324931506849315,3,105928847088.719,4.87632230022123,261799249.0,3288.22269725538,21.6,32.7770295687741,-0.0444180073236438,,27.6112077694021,38.2,69.52,,0.1860631272888239,0.8922310964006184,2.92428517,,139.438934572699,0.0681459831078431,3.58361005783081,1.5649786839642104,1.12233981761262,13.4926435578886,204000.0,97.5,87.3023728948535,53.1720771789551,95.2200012207031,0.9240118644742676,150.0,,,,,,,,,,,0.0,0.0,7.835616989856724,3.0,11.0,1.0,6.0,1235.0,477133.0,0.0,84.0,1.0,153.0,6057.0,0.0,,,150.0,,,,,0.0400988324730689,0.3170683287152313,Moderate,0.2852115439345969,0.30804887591318153,0.3043269402164811,943000.0,427000.0,104000.0,3441.06808464008,3566.60284506078,3632.27254030331,25.55627397260274,25.407041095890413,25.29571038251366,2946.38,3440.21,3099.8,0.3034429161876699,0.016420256784980266,25.49187214611872,0.07668525125509124,3158.58,254.13069649296682,524666.6666666666,379057.1636749969,0.111695285335083,-0.0017206186937449575,-0.04441800732364387,-0.7836691410392365,0.17998801471991727,0.1039255798562092,0.21819299573661002,0.02409343113333045,Southeast Asia,-0.0723218156581577,-472956.6666666666,425.1299898144366,6.0
IDN,Indonesia,2016,0.2844077510214552,8,0.1237660747107452,37,996.56,10.438415300546447,5.348934426229508,-0.001856399047637,17.53103825136612,3820.46,241.29,91.72204918032789,21.33,25.84325136612022,28.76650273224044,31.09,23.417568306010928,4,0.1260655737704918,2,116369601851.059,5.03306918280177,264627418.0,3521.46943457574,18.0,31.5553329221477,0.0709339843420722,,27.8730589677122,36.9,69.733,,0.1694508135032486,0.896192526298113,3.02147198,,140.945267664402,0.0673860552121625,1.21023452496964,1.5144402698298238,1.0744882002252,13.4787485470271,1204000.0,97.6,87.6849895715078,53.812557220459,95.379997253418,0.926424947857539,,,,,,,,,,,,0.0,0.0,7.380262253547366,2.0,12.0,0.0,10.0,133.0,392009.0,0.0,166.0,0.0,,6731.0,0.0,,,,,,,,-0.1237660747107452,0.3117763570276362,Moderate,0.3170683287152313,0.2852115439345969,0.30804887591318153,204000.0,943000.0,427000.0,3288.22269725538,3441.06808464008,3566.60284506078,25.51230136986301,25.55627397260274,25.407041095890413,3089.15,2946.38,3440.21,0.3046854098924881,0.01707116963172156,25.637275569528658,0.1797301283426837,3285.3300000000004,468.90180837783095,783666.6666666666,518690.980578353,-0.016690319430635925,0.012972173362931105,0.07093398434207221,4.901960784313726,0.16742259528604744,0.09838206743261443,0.21501419808861807,0.022938961725094856,Southeast Asia,-0.07474298802987972,-99716.66666666674,524.8535410259396,5.0
IDN,Indonesia,2017,0.3107310151337457,7,0.0862382850491738,35,905.73,9.986109589041096,5.311780821917809,0.000550067493701,17.145808219178083,3644.93,177.91,91.9957808219178,21.14,25.474739726027394,28.398657534246578,30.46,23.086876712328763,5,0.1185479452054794,4,130215330382.957,5.06978590134916,267346658.0,3798.88326174526,14.8,30.5222024429742,0.0787778603005089,,27.7598939877572,36.4,69.953,,0.1527701315841205,0.8161767709407477,2.90417194,,142.393583234045,0.0666693518196139,1.05324382490056,1.455731461855211,1.02232939771064,13.1566308462661,375000.0,98.1,88.0541295680055,54.4541015625,,0.9307706478400276,2700.0,,,,,,,,,,,0.0,0.0,6.756502314277942,2.0,10.0,0.0,7.0,34.0,392592.0,1.0,95.0,0.0,2690.0,9481.0,0.0,,,2700.0,,,,,-0.0862382850491738,0.2549706424524749,Moderate,0.3117763570276362,0.3170683287152313,0.2852115439345969,1204000.0,204000.0,943000.0,3521.46943457574,3288.22269725538,3441.06808464008,25.84325136612022,25.51230136986301,25.55627397260274,3820.46,3089.15,2946.38,0.2946051093984474,0.03442629037021151,25.610097487336873,0.20278872667310968,3518.18,381.77578616250605,594333.3333333334,534864.7804196248,-0.18220019990202763,-0.014259492154146458,0.07877786030050893,-0.6885382059800664,0.1276182433765311,0.07782265565949631,0.17619878819545493,0.01765145239679679,Southeast Asia,-0.1060881041235559,-283833.3333333334,581.3194962264802,6.0
IDN,Indonesia,2018,0.5000192016386664,12,-0.0577589329810091,36,808.59,8.250575342465753,5.622082191780822,0.0006561572270083,17.358246575342463,3011.46,214.31000000000003,91.11183561643836,20.02,25.51630136986301,28.561698630136988,30.86,22.93961643835616,11,0.1251232876712328,4,120660974090.95,5.17429153955024,269951846.0,3860.95353090726,12.5,29.4464900769988,0.0163390830634484,,28.411834447481,36.3,70.08,,0.1449828268139881,0.9019642776759648,2.86757827,,143.781152680745,0.0659949515588791,0.994436460846179,1.3943082522601902,0.969743409524713,12.8084975586902,853000.0,98.5,88.410420237217,55.0956840515137,95.6600036621094,0.9345521011860848,4500.0,,,,,,,,,,,0.0,0.0,5.595802239273877,2.0,8.0,0.0,6.0,0.0,193478.0,0.0,128.0,0.0,4477.0,13352.0,0.0,,,4500.0,,,,,0.0577589329810091,0.3449593762768344,Moderate,0.2549706424524749,0.3117763570276362,0.3170683287152313,375000.0,1204000.0,204000.0,3798.88326174526,3521.46943457574,3288.22269725538,25.474739726027394,25.84325136612022,25.51230136986301,3644.93,3820.46,3089.15,0.30390212525231514,0.045508193749768396,25.611430820670208,0.20183512213967814,3492.2833333333333,425.55376115519533,810666.6666666666,416118.1723180729,0.35293762826492014,0.0016314845326232952,0.016339083063448445,1.2746666666666666,0.16984430191111938,0.10157842850503498,0.2388482895952736,0.02257686635347756,Southeast Asia,-0.013180602736043323,-3266.666666666628,413.21397958286025,4.0
IDN,Indonesia,2019,0.650819843642766,17,-0.1435180540857925,37,781.7700000000001,7.216958904109589,5.858438356164384,-1.1514647490359416e-05,17.20657534246575,2634.19,146.76999999999998,90.37216438356164,19.14,25.713698630136985,28.845397260273973,31.1,22.986958904109592,5,0.1263561643835616,3,129186464020.188,5.01928768046282,272489381.0,4106.94856160358,10.9,28.4631336137713,0.0637135434879256,,28.7503293442037,35.4,70.349,,0.1309351894990415,0.8206799211233338,2.87862897,,145.132688936836,0.0653496643966467,0.964399077622927,1.3578686351643297,0.935604959235128,12.7126026577522,463000.0,98.8,88.7538936468124,55.7382049560547,,0.937769468234062,23000.0,,,,,,,,,,,0.0,0.0,8.692599370902341,2.0,14.0,0.0,11.0,1318.0,936390.0,0.0,415.0,1.0,23396.0,29104.0,0.0,,,23000.0,,,,,0.1435180540857925,0.32027808797083124,Moderate,0.3449593762768344,0.2549706424524749,0.3117763570276362,853000.0,375000.0,1204000.0,3860.95353090726,3798.88326174526,3521.46943457574,25.51630136986301,25.474739726027394,25.84325136612022,3011.46,3644.93,3820.46,0.3067360355667135,0.04649767135367916,25.56824657534246,0.12766780229385633,3096.86,510.7530782090313,563666.6666666666,254403.87837714533,-0.07154839092182286,0.007736123563233832,0.06371354348792568,-0.45720984759671746,0.14733329333971074,0.09116118011476969,0.22217323604777914,0.019931075727402686,Southeast Asia,-0.1150392934014291,-445000.0,405.91498027322314,6.0
IDN,Indonesia,2020,0.3694529665399538,4,-0.0080722950369989,37,866.7800000000001,8.849426229508198,5.495273224043716,-0.001385073651477,17.421967213114755,3238.8900000000003,199.67,91.62398907103828,20.86,25.79937158469945,28.811748633879784,30.83,23.316475409836062,3,0.1157650273224043,3,135915917616.263,-2.06551182934165,274814866.0,3853.70288774146,9.8,29.3087481652973,-0.0616627333075822,,28.9649906072855,35.3,68.817,,0.1445840457313589,0.8981113589145149,3.42067289,,146.371283592869,0.0647662204707659,1.01593221347809,1.2438649059545832,0.849801187379341,13.6984142796138,705000.0,97.0,89.0851606060889,56.2785287648768,96.0,0.9304258030304444,4600.0,,,,,,,,,,,0.0,0.0,7.273151278378943,1.0,26.0,0.0,25.0,29.3,888134.0,0.0,210.0,0.0,4599.0,64640.0,0.0,,,4600.0,,,,,0.0080722950369989,0.29900386981194144,Moderate,0.32027808797083124,0.3449593762768344,0.2549706424524749,463000.0,853000.0,375000.0,4106.94856160358,3860.95353090726,3798.88326174526,25.713698630136985,25.51630136986301,25.474739726027394,2634.19,3011.46,3644.93,0.32141377801986903,0.022998793175443233,25.676457194899815,0.14516328738970014,2961.513333333334,305.42842800455685,673666.6666666666,196878.98144122283,-0.06642420745570121,0.00333180207930317,-0.06166273330758221,0.5226781857451404,0.14750268057484098,0.08763429120767531,0.2077667643844898,0.020802954132955367,Southeast Asia,-0.11362235571751761,-386333.33333333326,325.317615875555,6.0
IDN,Indonesia,2021,0.2774907789974164,6,-0.0218977223215592,37,723.4,8.682794520547946,5.338575342465754,0.000530855849742,17.370876712328766,3169.2200000000003,175.51,91.65912328767124,20.87,25.55112328767123,28.467561643835616,30.83,23.128986301369856,3,0.1284383561643835,2,144907809744.209,3.70288562827751,276758053.0,4287.17313995098,8.6,28.9871998196831,0.112481492433778,,28.9558492042508,35.5,67.452,,0.1264771753883954,0.8110662841738832,3.70634937,,146.235107708626,0.0642812399030716,1.03221750658374,1.0303745020353552,0.704601321926319,13.2801691376596,749000.0,99.2,89.4041137814594,56.8761702464027,,0.943020568907297,27000.0,,,,,,,,,,,0.0,0.0,8.586792117444581,2.0,21.0,0.0,18.0,850.0,1453240.0,1.0,318.0,0.0,26580.0,98515.0,0.0,,,27000.0,,,,,0.0218977223215592,0.27948362900971074,Moderate,0.29900386981194144,0.32027808797083124,0.3449593762768344,705000.0,463000.0,853000.0,3853.70288774146,4106.94856160358,3860.95353090726,25.79937158469945,25.713698630136985,25.51630136986301,3238.8900000000003,2634.19,3011.46,0.29958852893082777,0.020403512937644034,25.68806450083589,0.1260937575105393,3014.1000000000004,330.85069638736036,639000.0,154000.0000000001,-0.06528424135282251,-0.009622261387771336,0.11248149243377803,0.06241134751773059,0.12194451407632682,0.08101447800434665,0.19416691157862864,0.015924818180697378,Southeast Asia,-0.09861281599697413,-488566.66666666674,630.3290014212848,6.0
IDN,Indonesia,2022,0.209847012493371,8,0.0535526646084899,36,852.32,9.592164383561643,5.486246575342466,-0.0001374601145541,17.074219178082192,3501.14,164.22,91.5409589041096,20.91,25.564657534246574,28.55101369863014,30.92,23.06476712328767,3,0.1257534246575342,2,137222356128.227,5.30719722664799,278830529.0,4730.83484836107,7.9,29.2848629874109,0.1034858387863391,,29.0073830174182,35.5,70.925,,0.1106932560304129,0.8282953120207215,2.69389749,,147.330175215419,0.0637734378074504,0.863943349575907,1.0991574641355837,0.746050469653246,12.3996501634108,308000.0,100.0,89.7113532580834,57.4934704226599,,0.9485567662904172,7100.0,,,,,,,,,,,0.0,0.0,6.738138988197253,0.0,13.0,0.0,13.0,74.0,353570.0,0.0,55.0,0.0,7565.0,32518.0,0.0,,,7600.0,,,,,-0.0535526646084899,0.2542226592238881,Moderate,0.27948362900971074,0.29900386981194144,0.32027808797083124,749000.0,705000.0,463000.0,4287.17313995098,3853.70288774146,4106.94856160358,25.55112328767123,25.79937158469945,25.713698630136985,3169.2200000000003,3238.8900000000003,2634.19,0.27757005268184676,0.022451849282516024,25.638384135539084,0.13958335519668966,3303.0833333333335,175.02374019924676,587333.3333333334,242908.0758915466,-0.09038443459221346,0.0005296928210538621,0.1034858387863391,-0.5887850467289719,0.09609310420301276,0.07444875743666814,0.176879410423673,0.013078035672726104,Southeast Asia,-0.07581660027648907,-721500.0,927.5527768473653,6.0
IDN,Indonesia,2023,0.5056928507074544,8,-0.0997985646960106,37,696.3700000000001,7.743890410958904,5.661178082191781,0.0030332532950992,16.755205479452055,2826.52,168.27,90.85301369863014,20.57,25.927808219178083,28.97945205479452,31.43,23.31827397260274,5,0.1284657534246575,4,146358992701.848,5.04883117855516,281190067.0,4876.2992959843,6.7,28.7792280576249,0.0307481559356537,,29.1258057551148,36.1,71.146,,0.1032777813748039,0.8303052614726898,2.70239949,,148.57692229227,0.0632415760262257,1.27517088245674,1.252007412041836,0.842666137328498,12.5294431866213,238000.0,99.4,89.3578482222748,58.1179353397878,,0.943789241111374,2200.0,,,,,,,,,,,0.0,0.0,6.714233332661494,2.0,10.0,1.0,5.0,0.0,18901795.0,2.0,67.0,0.0,3720.0,48242.0,0.0,,,3700.0,,,,,0.0997985646960106,0.3133964061282186,Moderate,0.2542226592238881,0.27948362900971074,0.29900386981194144,308000.0,749000.0,705000.0,4730.83484836107,4287.17313995098,3853.70288774146,25.564657534246574,25.55112328767123,25.79937158469945,3501.14,3169.2200000000003,3238.8900000000003,0.2823675647872725,0.029692101556664297,25.68119634703196,0.21367932883214572,3165.626666666667,337.32435449183623,431666.6666666667,277038.50514564465,0.23276346445663432,0.014205184812080107,0.03074815593565372,-0.2272727272727273,0.11246613512687323,0.09019306644404038,0.2184155359660299,0.01761624982143522,Southeast Asia,-0.06784252752010689,-419300.0,896.8502518401233,5.0
IND,India,2008,1.2765902745243192,82,-0.0789646476624017,37,435.9000000000001,2.429726775956284,13.043333333333331,-0.0134001459996046,18.921284153005463,889.28,105.63,53.98079234972678,8.46,26.86658469945355,33.6815300546448,46.22,20.63819672131148,15,2.111666666666667,6,257422725614.879,3.08669805950082,1207930964.0,992.519584923828,,52.8791883959001,,,60.4593046525785,,66.247,,0.4597861991019758,0.7507524680264736,3.58856082,,406.274393496547,0.130798037891841,,5.845361475214763,1.43877181746736,16.7909423598037,6662000.0,74.1,84.9473094624581,30.1438485921815,,0.7952365473122904,,,,,,,,,,,,0.0,1.0,9.478846900176912,1.0,11.0,0.0,8.0,170.0,13989068.0,1.0,1808.0,0.0,,,,,,,,,,,0.0789646476624017,0.5069093523979499,High,,,,,,,,,,,,,,,,0.5069093523979499,,26.86658469945355,,889.28,,6662000.0,,,,,,0.44075926938085924,0.26804955145094905,0.42394480467092593,0.1037965091966951,South Asia,0.07430215727442496,5396933.333333333,77.05953983203688,2.0
IND,India,2009,1.2689654157363863,73,-0.0635232567280176,37,455.4,2.552575342465753,13.214246575342464,-0.0218000384973212,19.43038356164384,931.69,103.6,51.97306849315068,9.76,27.86021917808219,34.7028493150685,47.09,21.488602739726023,10,2.1461369863013697,7,284682887897.586,7.8618888330338,1225524753.0,1094.94974598436,34.6,51.9444266180638,0.1032021560243501,,60.5639061075814,27.8,66.7,,0.4446627703010375,0.7562442578009823,3.54637694,,412.191872366045,0.128862350281716,3.27824997901917,5.960365864201694,1.44601731955273,16.7442701563161,5304000.0,75.0,85.6371461321776,30.5185314023263,,0.803185730660888,33000.0,,,,,,,,,,,0.0,1.0,10.259349275908242,2.0,16.0,1.0,6.0,2734.0,11095118.0,6.0,1893.0,0.0,33000.0,500000.0,0.0,,,33000.0,,,,,0.0635232567280176,0.4744101314225019,Moderate,0.5069093523979499,,,6662000.0,,,992.519584923828,,,26.86658469945355,,,889.28,,,0.4906597419102259,0.02298041953501936,27.363401938767872,0.702605677859069,910.485,29.988398590121538,5983000.0,960251.0088513315,-0.06411249037270561,0.03698402643075238,0.10320215602435012,-0.2038426898829181,0.4061119489262969,0.24642962258542153,0.39771702484065075,0.09337068338299179,South Asia,0.04192163743717986,4114166.666666667,146.6595549859726,2.0
IND,India,2010,1.421955995117677,67,0.0775989681358431,37,570.9999999999999,3.67531506849315,12.042602739726028,-0.0201420452442235,18.67276712328767,1341.4899999999998,133.99,57.00769863013699,7.26,27.631808219178083,33.86147945205479,47.71,21.81887671232877,13,2.1653150684931504,10,300480168786.346,8.49758470165625,1243481564.0,1347.51939071367,,51.056070239905,0.2306677960843304,,60.3974182611942,,67.162,,0.4201034458459555,0.7604030997984276,3.33625913,,418.231449722352,0.126265643613515,3.377690076828,6.083609802748218,1.45460361883041,17.0265090136912,1411000.0,76.3,86.3249166723471,30.9042190810094,68.325817300837,0.8131245833617355,106000.0,,,,,,,,,,,0.0,2.0,9.764429903522917,1.0,18.0,0.0,8.0,2149.0,4279488.0,7.0,1344.0,0.0,106500.0,650000.0,0.0,,,106000.0,,,,,-0.0775989681358431,0.5048015668551734,High,0.4744101314225019,0.5069093523979499,,5304000.0,6662000.0,,1094.94974598436,992.519584923828,,27.86021917808219,26.86658469945355,,931.69,889.28,,0.4953736835585418,0.0181855321229248,27.452870698904608,0.5204241985160913,1054.1533333333334,249.74271167209923,4459000.0,2725576.81968423,0.06406152276205379,-0.008198462382657756,0.2306677960843304,-0.733974358974359,0.41536467007314753,0.2577318425457183,0.4242148243771351,0.09433500312570924,South Asia,0.08717171959371223,-1239400.0,173.10744209296104,1.0
IND,India,2011,1.3849518979531643,75,-0.0725216064978875,37,404.37,2.480986301369863,13.08041095890411,-0.0125668927972992,19.104575342465758,905.56,83.62,56.61671232876712,5.5,26.72498630136986,33.568219178082195,46.41,20.48780821917808,31,2.1054794520547944,8,298739463090.872,5.24131620024293,1261224954.0,1445.46127486037,27.1,49.0753059155876,0.0726830981592243,,60.4300431523044,28.8,67.623,,0.397485528002575,0.7680751204525891,3.24634218,,424.199245255096,0.124465504351256,3.79618000984192,6.010172051278204,1.41682761544376,17.191973558015,1503000.0,79.5,87.0106732998892,31.2746502853309,69.3000030517578,0.832553366499446,53000.0,,,,,,,,,,,0.0,2.0,9.9144658138573,0.0,12.0,0.0,7.0,2032.625,12254119.0,3.0,926.0,0.0,53000.0,650000.0,0.0,,,53000.0,,,,,0.0725216064978875,0.5991131606647906,High,0.5048015668551734,0.4744101314225019,0.5069093523979499,1411000.0,5304000.0,6662000.0,1347.51939071367,1094.94974598436,992.519584923828,27.631808219178083,27.86021917808219,26.86658469945355,1341.4899999999998,931.69,889.28,0.5261082863141553,0.06502456148355479,27.40567123287671,0.6004513914733118,1059.58,244.490552578213,2739333.3333333335,2221542.782242407,0.1868290433351112,-0.03281804471915939,0.07268309815922436,0.06520198440822123,0.48525181159287845,0.2940166163767918,0.5046489959630699,0.10031948183919571,South Asia,0.19022384681408705,1013500.0,106.84391798000911,1.0
IND,India,2012,1.5153810595130637,108,-0.0131570441541546,37,581.3100000000001,2.95327868852459,12.611748633879785,-0.0183752067460873,18.749426229508195,1080.9,184.0,53.884945355191256,5.87,27.04502732240437,33.54836065573771,46.74,20.936612021857925,24,2.2898360655737706,18,300425517446.546,5.45638755164772,1278674502.0,1429.32199520032,,47.0881544623322,-0.0111654874058171,,60.4206256579633,,68.076,,0.3823898013669822,0.7711491020493063,3.32935286,,430.068210238834,0.122428342596293,3.8675000667572,5.909378760934723,1.37405616603306,16.8453770661356,9110000.0,79.9,87.6951918936397,31.5898935604399,69.8279300354369,0.8379759594681986,500000.0,,,,,,,,,,,0.0,2.0,8.781853803319446,0.0,9.0,0.0,6.0,244.0,4318360.0,1.0,583.0,0.0,500000.0,1000000.0,0.0,,,500000.0,,,,,0.0131570441541546,0.6949923761873449,High,0.5991131606647906,0.5048015668551734,0.4744101314225019,1503000.0,1411000.0,5304000.0,1445.46127486037,1347.51939071367,1094.94974598436,26.72498630136986,27.631808219178083,27.86021917808219,905.56,1341.4899999999998,931.69,0.5996357012357696,0.09509648140227296,27.133940614317435,0.4599029003642579,1109.3166666666666,219.34988359544056,4008000.0,4418701.053477141,0.16003523510677753,0.0119753483659637,-0.011165487405817132,5.0612109115103125,0.5643839723946642,0.3272590836005298,0.5867365159157963,0.11260547292867135,South Asia,0.2519511972549011,7147066.666666667,52.528081508095056,1.0
IND,India,2013,1.4693033634678692,38,0.1068220818546016,37,815.66,3.907808219178082,11.745342465753426,-0.019958921384028,17.757369863013697,1426.35,170.42000000000002,60.05112328767123,8.41,26.708082191780825,32.83720547945205,48.59,21.091863013698628,15,2.336849315068493,10,298092478740.581,6.38610640091713,1295829511.0,1432.84397512195,,46.2418839816327,0.0024640913198403,,60.4394606466455,,68.499,,0.3753033413447998,0.77345273390097,3.74944186,,435.838110245225,0.120727301448223,3.84467005729675,5.808433258394592,1.33270430507476,17.1484235433697,2145000.0,83.1,88.3781430142448,31.9096789235237,,0.857390715071224,64000.0,,,,,,,,,,,0.0,1.0,10.853196448073511,0.0,11.0,0.0,5.0,2257.471,16649477.0,5.0,7116.0,0.0,64000.0,526000.0,0.0,,,64000.0,,,,,-0.1068220818546016,0.5079450610080746,High,0.6949923761873449,0.5991131606647906,0.5048015668551734,9110000.0,1503000.0,1411000.0,1429.32199520032,1445.46127486037,1347.51939071367,27.04502732240437,26.72498630136986,27.631808219178083,1080.9,905.56,1341.4899999999998,0.60068353262007,0.09353354521240906,26.82603193851835,0.1898438064641078,1137.6033333333332,264.98491850166374,4252666.666666667,4218803.898421131,-0.2691357798849424,-0.012458672221211442,0.002464091319840378,-0.7645444566410537,0.41225283704193,0.23488336580178726,0.4297646445676928,0.07243768193346502,South Asia,0.08224539609668341,1467833.3333333335,-33.210940595693046,2.0
IND,India,2014,1.4815608441427892,39,-0.0888136817987886,37,510.59,2.3513698630136988,12.864164383561642,-0.0123106511723173,18.72446575342466,858.25,183.98,55.20583561643836,7.99,27.268465753424653,34.06742465753425,48.1,21.203260273972603,13,2.298082191780822,12,325081035127.891,7.41022760516977,1312277191.0,1553.88396075118,,45.2547111152237,0.0844753425570485,,60.4495508191538,,68.932,,0.3600893473834475,0.778217035514915,3.61956549,,441.370107863944,0.119230145180509,3.89878023242693,5.566958230708872,1.26129027125347,16.7919345145039,3428000.0,85.1,89.0593975763785,32.2288233408821,,0.8707969878818924,345000.0,,,,,,,,,,,0.0,3.0,10.500074618855493,1.0,16.0,0.0,7.0,23465.0,6154264.0,5.0,1072.0,0.0,345000.0,853900.0,0.0,,,345000.0,,,,,0.0888136817987886,0.5171652905347125,High,0.5079450610080746,0.6949923761873449,0.5991131606647906,2145000.0,9110000.0,1503000.0,1432.84397512195,1429.32199520032,1445.46127486037,26.708082191780825,27.04502732240437,26.72498630136986,1426.35,1080.9,905.56,0.573367575910044,0.10543100677694851,27.00719175586995,0.2821011903756993,1121.8333333333333,286.25348178377385,4894333.333333333,3706805.4080749014,0.01815202122123072,0.02098179710620629,0.08447534255704858,0.5981351981351981,0.4115056916038279,0.23404165821969147,0.43847146774616735,0.06681931330002108,South Asia,0.06846746501715512,2597833.3333333335,-1.7015898200750144,2.0
IND,India,2015,1.3600180069261327,62,0.0190046622290937,37,702.8799999999999,3.2091506849315072,12.714301369863014,-0.0065893594391235,18.939424657534246,1171.34,190.36,56.52534246575343,7.11,27.113561643835613,33.77169863013699,47.38,21.057397260273973,15,2.1925753424657533,13,353319061013.224,7.99625378567987,1328024498.0,1583.99815907985,,44.2796936892031,0.0193799531299057,,60.4317248477225,,69.326,,0.3505779631672497,0.780476474270289,3.59565973,,446.666542669658,0.117778700796226,4.1145601272583,5.328087018728327,1.19285563384335,16.1745081068401,3655000.0,88.0,89.7387066732488,32.5472990022299,,0.888693533366244,1000.0,,,,,,,,,,,0.0,1.0,11.794051496061234,1.0,19.0,1.0,10.0,6949.0,346557559.0,6.0,3302.0,0.0,1000.0,611763.0,0.0,,,1000.0,,,,,-0.0190046622290937,0.5630110816803051,High,0.5171652905347125,0.5079450610080746,0.6949923761873449,3428000.0,2145000.0,9110000.0,1553.88396075118,1432.84397512195,1429.32199520032,27.268465753424653,26.708082191780825,27.04502732240437,858.25,1426.35,1080.9,0.5293738110743641,0.029493264290239626,27.030036529680363,0.2893782430680252,1151.9799999999998,284.5443896828754,3076000.0,814219.2579397777,0.08864823681069423,-0.00568070499417761,0.019379953129905703,0.06621936989498245,0.4457557444761622,0.24929958240430816,0.478273734417673,0.06266677417748374,South Asia,0.16920074469754726,2330333.333333333,-30.615847119065393,1.0
IND,India,2016,1.5540505046217346,82,0.0198154431270623,37,538.19,3.215601092896175,12.643524590163931,-0.0272868390473678,18.93827868852459,1176.91,181.96,54.92401639344263,7.41,27.23918032786885,33.77109289617486,46.51,21.12756830601093,17,2.209972677595628,5,361694321972.036,8.25630550176662,1343944296.0,1707.50892912243,,43.2048505926307,0.0779740616077027,,60.3990999566123,,69.709,,0.3350519094778931,0.7848182278774745,3.50430417,,452.020992940243,0.116312112388325,4.25406980514526,5.3864162394781605,1.19162966402099,16.3638005616331,2400000.0,89.6,90.4158282525921,32.8650780972823,,0.9000791412629605,448000.0,,,,,,,,,,,0.0,1.0,9.701988308678509,2.0,15.0,0.0,8.0,2499.0,3806005.0,3.0,1121.0,1.0,448400.0,796275.0,0.0,,,448000.0,,,,,-0.0198154431270623,0.5330708507365841,High,0.5630110816803051,0.5171652905347125,0.5079450610080746,3655000.0,3428000.0,2145000.0,1583.99815907985,1553.88396075118,1432.84397512195,27.113561643835613,27.268465753424653,26.708082191780825,1171.34,858.25,1426.35,0.5377490743172006,0.0232781759024194,27.207069241709707,0.08229314784738702,1068.8333333333333,182.39178005966534,3161000.0,668747.3364432956,-0.05317875956253726,0.004633057275298835,0.0779740616077027,-0.3433652530779754,0.41339433877538223,0.23031246461360658,0.45372179914000943,0.053264897173283685,South Asia,0.10922352507084393,1805766.6666666665,-14.160223188709324,1.0
IND,India,2017,1.3466204253181242,71,-0.0798773183648764,37,441.1599999999999,2.4224657534246576,13.524109589041094,-0.0154373295691508,19.04509589041096,884.2,173.53,52.55276712328767,7.32,27.398438356164384,34.485287671232875,47.09,20.96117808219178,16,2.1436164383561644,8,412613792019.924,6.79538341902422,1359657400.0,1950.10468280866,,42.2671064682124,0.1420758331324871,,60.2840719900175,,70.068,,0.3142979769479947,0.7912634065754107,2.93597651,,457.30592394028,0.11465756005888,4.30543994903565,5.315706423740295,1.1623961434697,16.5583314049368,1346000.0,91.8,91.0905825625786,33.1821328157539,,0.914452912812893,78000.0,,,,,,,,,,,0.0,1.0,10.479132645050456,3.0,18.0,0.0,9.0,2117.0,22395195.0,5.0,2346.0,0.0,78136.0,825729.0,0.0,,,78000.0,,,,,0.0798773183648764,0.5388582610847136,High,0.5330708507365841,0.5630110816803051,0.5171652905347125,2400000.0,3655000.0,3428000.0,1707.50892912243,1583.99815907985,1553.88396075118,27.23918032786885,27.113561643835613,27.268465753424653,1176.91,1171.34,858.25,0.5449800645005343,0.015881174863255028,27.25039344262295,0.14276899440592136,1077.4833333333333,167.41144355549096,2467000.0,1155957.1791377056,0.010856737599012511,0.005846652739862179,0.14207583313248717,-0.4391666666666667,0.40069471386221117,0.2277597949254338,0.45951753111325355,0.04609775464250687,South Asia,0.11273992089971635,872700.0,76.92746573228192,1.0
IND,India,2018,1.4469790415462414,75,-0.0571868757190009,37,560.56,2.6029863013698638,13.284246575342468,-0.0162083420733768,18.18169863013699,950.09,132.79,51.36158904109589,6.1,27.25380821917808,34.225095890410955,46.9,20.94084931506849,11,2.1527945205479453,5,399167159226.682,6.45385134495295,1374659064.0,1966.25455171679,,41.2949989249141,0.0082815394734963,,60.2437112999842,,70.415,,0.3061925361128195,0.8050957597894263,2.8584938,,462.351569862673,0.113102953358914,4.36374998092651,5.073379462498202,1.09729906702925,16.031630686449,2675000.0,95.7,91.7626505318817,33.4984353473598,73.6883524760717,0.9373132526594086,169000.0,,,,,,,,,,,0.0,1.0,10.699879178320316,0.0,23.0,1.0,9.0,6108.98,32361348.0,11.0,1396.0,1.0,169172.0,479446.0,0.0,,,169000.0,,,,,0.0571868757190009,0.48515179712187,Moderate,0.5388582610847136,0.5330708507365841,0.5630110816803051,1346000.0,2400000.0,3655000.0,1950.10468280866,1707.50892912243,1583.99815907985,27.398438356164384,27.23918032786885,27.113561643835613,884.2,1176.91,1171.34,0.5190269696477225,0.029479128461957486,27.297142301070437,0.08802932400192286,1003.7333333333332,153.55126646606766,2140333.3333333335,701520.0163454599,-0.099667144110834,-0.005278773012760585,0.008281539473496302,0.987369985141159,0.3597284490321524,0.20034342940567762,0.4144579972226177,0.03041258812801254,South Asia,0.050172081354028286,2122516.6666666665,44.599045443392924,3.0
IND,India,2019,1.3976952239015386,51,-0.0150051740997371,37,492.08,2.9385753424657537,12.197369863013698,-0.0182221690279179,18.0933698630137,1072.5800000000002,181.71,56.11227397260273,4.26,27.252986301369862,33.63186301369863,47.33,21.43449315068493,12,2.3138904109589045,6,463469902152.507,3.87143694070524,1389030312.0,2041.42863698585,,40.6518149993227,0.0382321226940953,,60.2198312250478,,70.746,,0.2974054889315688,0.8117857163464064,2.95299792,,467.185182245332,0.11185429047714,3.89732003211975,4.858791072267649,1.04001395098104,16.7555683032837,5018000.0,95.9,92.4317828217009,33.8139578818147,74.8938629973395,0.9416589141085046,12000.0,,,,,,,,,,,0.0,2.0,10.998596083611565,0.0,12.0,0.0,5.0,11810.0,23200510.0,5.0,2307.0,0.0,12289.0,469624.0,0.0,,,12000.0,,,,,0.0150051740997371,0.4739014873522196,Moderate,0.48515179712187,0.5388582610847136,0.5330708507365841,2675000.0,1346000.0,2400000.0,1966.25455171679,1950.10468280866,1707.50892912243,27.25380821917808,27.398438356164384,27.23918032786885,950.09,884.2,1176.91,0.4993038485196011,0.03471391698593804,27.30174429223744,0.08374052415797113,968.9566666666668,95.59664969722162,3013000.0,1859187.725863099,-0.02318925712816511,-3.0157906799943568e-05,0.03823212269409537,0.8758878504672898,0.3467026098434541,0.192649555917463,0.4055314641754741,0.027647927377723286,South Asia,0.03350756760423684,3430166.666666667,150.8723554103151,3.0
IND,India,2020,1.285061968427898,41,0.0125073030443178,37,447.06,3.157459016393443,11.885928961748634,-0.0102981426965625,18.066748633879783,1155.63,107.44,64.27565573770492,5.54,26.16188524590164,32.425,47.01,20.539071038251368,14,1.9650819672131148,10,590227359928.896,-5.77772470687303,1402617695.0,1907.04251637669,,44.6754951957099,-0.0658294481493999,,60.0459439188212,,70.156,,0.3347361935108396,0.8089952782624885,3.34146094,,471.755150192218,0.110096001605056,4.29335021972656,4.592246950760068,0.973438646910149,18.6685376603727,3856000.0,96.5,93.0977309081783,34.1286726088333,75.5270629470344,0.9479886545408917,3900.0,,,,,,,,,,,0.0,0.0,11.19195048536737,2.0,11.0,0.0,5.0,26430.0,19648352.0,4.0,2316.0,0.0,3922.0,473079.0,0.0,,,3900.0,,,,,-0.0125073030443178,0.4677146628794256,Moderate,0.4739014873522196,0.48515179712187,0.5388582610847136,5018000.0,2675000.0,1346000.0,2041.42863698585,1966.25455171679,1950.10468280866,27.252986301369862,27.25380821917808,27.398438356164384,1072.5800000000002,950.09,884.2,0.47558931578450503,0.00884024808813974,26.88955992214986,0.6301848893197323,1059.4333333333334,103.398738064511,3849666.6666666665,1171512.8395938887,-0.013055085577724168,-0.04003601819641245,-0.06582944814939995,-0.2315663611000398,0.3504404936433671,0.20895384174432854,0.4008694927466536,0.024326468907312205,South Asia,0.013407466079204178,2315333.333333333,82.56013916172492,3.0
IND,India,2021,1.2955195838590767,48,0.0319391443322822,37,562.49,3.3120547945205483,11.617780821917808,-0.0164169185855689,17.442082191780823,1208.9,130.11,60.32276712328766,5.03,26.63830136986302,32.70805479452055,43.53,21.090273972602738,9,2.037808219178082,7,638484779930.836,9.68959249191741,1414203896.0,2239.61384367482,,44.0791868866382,0.1743911446347843,,60.0507647678083,,67.282,,0.3109939520587475,0.8057077393100334,3.34680939,,475.652042419085,0.10901113137649,4.62949991226196,3.912943060966526,0.822648220128724,17.3725615260314,4903000.0,99.6,93.760281159736,34.4425517181304,76.0596617430205,0.96680140579868,13000.0,,,,,,,,,,,2.0,0.0,10.301172736840584,2.0,18.0,0.0,9.0,7810.0,3830801.0,5.0,2124.0,0.0,13042.0,505667.0,0.0,,,13000.0,,,,,-0.0319391443322822,0.4275237457016968,Moderate,0.4677146628794256,0.4739014873522196,0.48515179712187,3856000.0,5018000.0,2675000.0,1907.04251637669,2041.42863698585,1966.25455171679,26.16188524590164,27.252986301369862,27.25380821917808,1155.63,1072.5800000000002,950.09,0.456379965311114,0.025180950277431037,26.68439097237817,0.5470087448167101,1145.7033333333336,68.699997331393,4592333.333333333,640270.5157457573,-0.08593041947904412,0.018210313189719773,0.17439114463478433,0.2715248962655601,0.3016328309700133,0.1884489908526068,0.3669110366331779,0.014193187344978953,South Asia,0.017196851923120593,4028000.0,275.61523824767323,4.0
IND,India,2022,1.589149018533974,85,0.1598169554131658,37,864.0299999999999,4.329424657534247,11.922547945205478,-0.0159427796546592,17.884438356164384,1580.24,240.75,61.152383561643845,5.99,26.638575342465757,32.83591780821918,46.38,20.913369863013692,10,2.051260273972603,5,567298153917.14,7.6093649776932,1425423212.0,2279.98145719369,5.3,42.8609991503088,0.0180243632771235,,60.0555856504293,25.5,71.698,,0.3001243461744866,0.8243906547790274,3.39623499,,479.425536881262,0.108057404989137,4.09865814174589,3.788423184257332,0.790200540609834,18.2106659929942,2507000.0,99.2,94.4191311935781,34.7555673994206,76.3199996948242,0.9680956559678904,1000.0,,,,,,,,,,,0.0,1.0,9.964083511796249,1.0,7.0,0.0,3.0,4200.0,2196260.0,2.0,2210.0,0.0,1005.0,498057.0,0.0,,,1000.0,,,,,-0.1598169554131658,0.5160499158772676,High,0.4275237457016968,0.4677146628794256,0.4739014873522196,4903000.0,3856000.0,5018000.0,2239.61384367482,1907.04251637669,2041.42863698585,26.63830136986302,26.16188524590164,27.252986301369862,1208.9,1155.63,1072.5800000000002,0.47042944148613003,0.044325480467233176,26.47958731941014,0.2751381005948144,1314.9233333333334,231.3095835311056,3755333.3333333335,1201167.9038891015,0.20706725898995937,1.0284912650204703e-05,0.018024363277123534,-0.4886803997552519,0.36135215386118197,0.22118415005932493,0.44345261958962023,0.016464234053889575,South Asia,0.08346653840913204,419833.33333333326,343.21503793986926,1.0
IND,India,2023,1.6024025805619182,70,0.0417088796162931,37,656.6700000000001,3.389780821917808,12.182301369863014,-0.0152444653931291,17.853369863013697,1237.2699999999998,203.42,59.76843835616438,5.78,26.6493698630137,33.02624657534246,45.36,20.843945205479454,14,2.133972602739726,6,627792750126.715,7.210224629335,1438069596.0,2434.44826340989,,43.5135811245793,0.0677491502085834,,60.0604064994165,,72.003,,0.2958565737460958,0.8458216629582342,3.33944035,,483.679010086809,0.106996699205648,,4.272286102141173,0.883289539766135,17.6565389328245,528000.0,99.5,95.0740565981493,35.0676918424186,81.6999969482422,0.9728702829907464,67000.0,,,,,,,,,,,1.0,2.0,9.486491684459248,3.0,17.0,0.0,5.0,128.0,15242115.0,6.0,2135.0,0.0,94001.0,516655.0,0.0,,,94000.0,,,,,-0.0417088796162931,0.5136586898737598,High,0.5160499158772676,0.4275237457016968,0.4677146628794256,2507000.0,4903000.0,3856000.0,2279.98145719369,2239.61384367482,1907.04251637669,26.638575342465757,26.63830136986302,26.16188524590164,1580.24,1208.9,1155.63,0.48574411715090804,0.050434494437964175,26.642082191780826,0.006312794882344628,1342.1366666666665,206.69086151384045,2646000.0,2190809.6676799664,-0.004633710673981439,0.0004052213907526081,0.06774915020858341,-0.7893897088153171,0.34924567487532504,0.22351129072166967,0.4420279013806934,0.01393541489561906,South Asia,0.0923508457453413,-71333.33333333337,441.55719664298454,1.0
KHM,Cambodia,2008,0.7009837957940871,32,6.106317885302292e-05,37,403.56,3.189590163934426,9.14672131147541,-0.0115320596407773,18.562103825136614,1167.39,93.84,72.21155737704917,17.63,28.031202185792345,32.97412568306011,41.61,23.8274043715847,8,1.5444262295081967,5,2639301421.06125,7.47636606631011,14053479.0,866.283999789749,,55.9205956052938,,,30.3365057783821,,66.147,,0.4955127535501629,0.7678654093668906,5.61296654,,79.6140890550646,0.263280003478142,,1.2084740884791825,1.51791486007376,28.0340869915092,,26.4,63.6884209485264,19.6574509865325,76.870002746582,0.450442104742632,,,,,,,,,,,,,,,,,,,,,,,,,,,,,,,,,,-6.106317885302292e-05,0.35773200404333805,Moderate,,,,,,,,,,,,,,,,0.35773200404333805,,28.031202185792345,,1167.39,,,,,,,,0.3169865564517554,0.20004586733178834,0.21854033843909884,0.1965944472082571,Southeast Asia,-0.026486592775101403,,-980.6394522492517,3.0
KHM,Cambodia,2009,0.7751927719056644,46,-0.1247396428235418,37,348.41,2.3415342465753426,9.768602739726028,-0.0044350962309641,18.43205479452055,854.66,57.41,69.7538904109589,15.77,28.516356164383566,33.816136986301366,40.67,24.047534246575346,8,1.635972602739726,5,3285950771.83634,4.07477850599065,14276810.0,875.748936193569,,58.0385806130704,0.0109259046757381,,30.1876954452753,,66.747,,0.5135579689839368,0.7681987576287801,6.3089695,,80.8792771357353,0.259161535385005,1.38576996326447,1.275188122444897,1.57665618141569,28.0893239418879,66000.0,25.6,65.049262160306,20.1979728726519,76.1399993896484,0.45324631080153,,,,,,,,,,,,0.0,0.0,4.825309574326742,0.0,2.0,0.0,0.0,0.0,178091.0,2.0,19.0,0.0,,,,,,,,,,,0.1247396428235418,0.3711212250189396,Moderate,0.35773200404333805,,,,,,866.283999789749,,,28.031202185792345,,,1167.39,,,0.36442661453113884,0.009467608946653038,28.273779175087956,0.34305566818148536,1011.0250000000001,221.13350368046915,66000.0,,0.037428076952207734,0.01730764079883529,0.010925904675738174,,0.3283889105389932,0.21539349135483168,0.22752417851654894,0.20291189891896078,Southeast Asia,-0.013801867873260931,-473916.6666666666,-970.7072895765735,4.0
KHM,Cambodia,2010,0.733447291280533,29,-0.0640125721705179,37,398.65,2.754191780821918,9.471972602739724,-0.0159757787687273,18.772301369863012,1005.28,79.80000000000001,70.02008219178083,18.17,28.9467397260274,34.052684931506846,41.61,24.58071232876712,11,1.533972602739726,7,3817077827.48335,5.07691843229247,14500726.0,952.274616324008,,54.7856798406129,0.0873831265648541,,30.4861262179923,,67.311,,0.4792621447601611,0.7533101019657868,5.62713194,,82.1477792884659,0.25846981730432,1.24872994422913,1.278398079201112,1.55621745380597,27.8742916555508,32000.0,31.1,66.3891055650022,21.1232251168762,,0.4874455278250109,,,,,,,,,,,,0.0,0.0,2.1576937940468826,0.0,1.0,0.0,1.0,70.0,0.0,0.0,8.0,0.0,,,,,,,,,,,0.0640125721705179,0.3876352963244549,Moderate,0.3711212250189396,0.35773200404333805,,66000.0,,,875.748936193569,866.283999789749,,28.516356164383566,28.031202185792345,,854.66,1167.39,,0.37216284179557757,0.014978833280483043,28.498099358734436,0.45804173402572834,1009.11,156.40017551141057,49000.0,24041.630560342615,0.0444977818357668,0.015092515998989198,0.08738312656485414,-0.5151515151515151,0.33910124697125693,0.212368632393527,0.23847785297075386,0.19868420470397646,Southeast Asia,-0.017844275893707462,-466500.0,-1355.7971745208883,4.0
KHM,Cambodia,2011,0.8864119433159674,50,0.0282674167490418,36,530.8100000000001,3.3812602739726025,8.988876712328768,-0.013053602584256,18.2513698630137,1234.16,129.65,71.87224657534247,16.59,27.956739726027397,32.7841095890411,39.89,23.795232876712323,7,1.5946301369863012,4,4061810700.02449,7.28665813879552,14722584.0,1088.98152823081,,56.5476625894053,0.1435582861953426,,30.7794912757761,,67.869,,0.4845118393118552,0.7605749803783405,6.00443649,,83.4046227056424,0.257814375519949,1.20887994766235,1.266409471961234,1.51839242344005,28.0358544598065,214000.0,37.4,67.7079968252659,22.3824788531276,,0.5255399841263295,,,,,,,,,,,,0.0,0.0,8.375738204982678,0.0,1.0,0.0,1.0,521.0,1640023.0,0.0,247.0,0.0,,,,,,,,,,,-0.0282674167490418,0.3523317277690608,Moderate,0.3876352963244549,0.3711212250189396,0.35773200404333805,32000.0,66000.0,,952.274616324008,875.748936193569,866.283999789749,28.9467397260274,28.516356164383566,28.031202185792345,1005.28,854.66,1167.39,0.3703627497041518,0.01766400157916404,28.47327853881279,0.49640382892219215,1031.3666666666668,191.09015708124093,104000.0,96767.76322722356,-0.09107418465279449,-0.03420074279072771,0.1435582861953426,5.6875,0.3018849686305077,0.19923535661427053,0.217494311328435,0.16716731715010633,Southeast Asia,-0.008390075011247555,-554066.6666666666,-1509.442170133505,4.0
KHM,Cambodia,2012,0.7862604150743647,23,-0.0018407708276344,37,462.46,3.1766666666666663,8.932923497267758,-0.0095170521541672,18.721448087431696,1162.66,86.37,73.52207650273225,19.93,28.342732240437154,33.22530054644809,39.61,24.292377049180327,7,1.5527868852459017,2,4759658458.02489,7.65025657870362,14945085.0,1192.80263041673,,53.1992385480892,0.095337799121892,,31.1509018808067,,68.371,,0.4485599332054932,0.7659853683447666,5.77632856,,84.6651087695445,0.25776850382584,1.23062002658844,1.2699632432462875,1.49998418675996,26.7953499375283,,42.3,69.0059822259685,23.9411047582349,,0.5565299111298425,,,,,,,,,,,,0.0,0.0,4.436460094820369,0.0,1.0,0.0,1.0,0.0,71500.0,0.0,14.0,0.0,,,,,,,,,,,0.0018407708276344,0.3166242168971958,Moderate,0.3523317277690608,0.3876352963244549,0.3711212250189396,214000.0,32000.0,66000.0,1088.98152823081,952.274616324008,875.748936193569,27.956739726027397,28.9467397260274,28.516356164383566,1234.16,1005.28,854.66,0.35219708033023717,0.03550573119660697,28.415403897497317,0.49898484676882,1134.0333333333335,117.09452648750619,123000.0,128693.43417595165,-0.10134628265800083,0.013806778551162857,0.095337799121892,,0.266967989502829,0.16844167244815852,0.19610525411900545,0.14041336960584344,Southeast Asia,-0.007848447295031147,,-1566.0312388559635,3.0
KHM,Cambodia,2013,0.8078437385584303,44,-0.0531025035749076,37,356.32,2.828328767123288,9.224383561643837,-0.0173026086870685,18.450328767123285,1032.34,72.57,71.24194520547944,15.83,28.33109589041096,33.307534246575344,40.8,24.083150684931507,8,1.6089863013698629,6,4997891277.02916,7.8574997554252,15170208.0,1305.6600972686,,49.5226832007277,0.0946153738883366,,31.4524427826875,,68.755,,0.4102118820918575,0.8027578264386404,5.00863695,,85.9404486743712,0.255904480676863,1.57648003101349,1.2848974784947458,1.49510212980529,24.447155140413,144000.0,50.9,70.2828703284751,25.7644735090271,79.6500015258789,0.6059143516423755,,,,,,,,,,,,0.0,0.0,8.252596693370755,0.0,1.0,0.0,1.0,500.0,1500000.0,0.0,200.0,0.0,,,,,,,,,,,0.0531025035749076,0.37167081070245217,Moderate,0.3166242168971958,0.3523317277690608,0.3876352963244549,,214000.0,32000.0,1192.80263041673,1088.98152823081,952.274616324008,28.342732240437154,27.956739726027397,28.9467397260274,1162.66,1234.16,1005.28,0.3468755851229029,0.027925955522087976,28.210189285625166,0.21957085554715364,1143.0533333333333,102.32860857713881,179000.0,49497.474683058324,0.17385465440607595,-0.0004105585138186596,0.09461537388833663,,0.30786656320475597,0.1840613581337517,0.2309634449771914,0.1464701324112798,Southeast Asia,-0.010540641249113913,-1334166.6666666667,-1566.0462272471882,4.0
KHM,Cambodia,2014,0.8916700360073284,75,-0.054501540456902,37,305.91,2.818821917808219,9.611123287671234,-0.0063516557549793,18.941726027397262,1028.87,69.74,69.7718904109589,14.84,28.53468493150685,33.72706849315069,41.09,24.11594520547945,8,1.5204931506849315,6,6108231224.38956,8.00032074618566,15396772.0,1431.56396469993,,45.9960169105092,0.0964292833140239,,31.6826087695445,,69.117,,0.3733852713903023,0.8024160415423927,4.40784645,,87.2239519601178,0.254071184531407,1.44690001010895,1.2930403565194453,1.4824372519955,22.1938152404445,151000.0,56.1,71.539204338713,27.8179557823331,78.0599975585938,0.638196021693565,,,,,,,,,,,,0.0,0.0,5.815485105319309,0.0,1.0,0.0,1.0,2.0,530450.0,0.0,45.0,0.0,,,,,,,,,,,0.054501540456902,0.40687821540321195,Moderate,0.37167081070245217,0.3166242168971958,0.3523317277690608,144000.0,,214000.0,1305.6600972686,1192.80263041673,1088.98152823081,28.33109589041096,28.342732240437154,27.956739726027397,1032.34,1162.66,1234.16,0.36505774766762,0.045488960348726265,28.402837687451655,0.11433119864759171,1074.6233333333332,76.26172849688967,147500.0,4949.747468305833,0.0947273869428118,0.0071860630412392545,0.0964292833140239,0.04861111111111116,0.3302945408875586,0.1871477727620394,0.2536718497113234,0.14721015701910467,Southeast Asia,-0.005840205302570345,-1025166.6666666667,-1465.111542993485,4.0
KHM,Cambodia,2015,1.1295105171464226,40,-0.0852480974081674,37,432.22,2.6098904109589043,10.17413698630137,-0.0064116819627711,19.53564383561644,952.61,128.94,65.60208219178082,16.88,29.29967123287671,34.74241095890411,41.21,24.568273972602736,7,1.566,5,7375682885.24626,7.20703472529512,15623251.0,1547.32010444393,,42.4684239936853,0.0808599144700206,,31.9960571040109,,69.398,,0.3382855181685549,0.8146142631326437,4.53898621,,88.5069737140267,0.252292432605736,,1.2924121352153122,1.46023762985186,20.1408488554582,8900.0,62.7,72.7747960661074,30.0669222549819,80.5299987792969,0.677373980330537,,,,,,,,,,,,0.0,0.0,3.0751957256088254,0.0,2.0,0.0,1.0,0.0,28300.0,1.0,0.0,0.0,,,,,,,,,,,0.0852480974081674,0.38498093817038076,Moderate,0.40687821540321195,0.37167081070245217,0.3166242168971958,151000.0,144000.0,,1431.56396469993,1305.6600972686,1192.80263041673,28.53468493150685,28.33109589041096,28.342732240437154,1028.87,1032.34,1162.66,0.3878433214253483,0.017777380708769056,28.721817351598173,0.5106843012028986,1004.6066666666667,45.063846188860914,101300.0,80097.25338611806,-0.05381776758711754,0.026808997653420485,0.08085991447002061,-0.9410596026490066,0.3066595458624702,0.16349533711706477,0.2407933488345767,0.1242048677305256,Southeast Asia,-0.00440920620300822,-668056.6666666666,-1315.7726029970133,5.0
KHM,Cambodia,2016,0.8972945552475018,53,-0.3240629176477139,36,198.46000000000004,0.9870765027322403,10.58120218579235,-0.009612539322295,18.73658469945355,361.27,34.08,59.739754098360656,16.93,30.49669398907104,36.20704918032787,44.07,25.62584699453552,11,1.8712841530054645,10,9113957299.04389,7.90550116130704,15852803.0,1675.19555711109,,37.5402628887708,0.0826431791973099,,32.2909811919329,,69.635,,0.2927181818297721,0.7838044893991185,4.49053288,,89.8074042601405,0.250515949766108,,1.3099376918570038,1.45860767566845,18.9079815555917,8300.0,68.8,73.9897142664689,32.4767436038024,,0.7139485713323445,,,,,,,,,,,,0.0,0.0,4.419540506951504,0.0,1.0,1.0,0.0,0.0,2500000.0,0.0,0.0,0.0,,,,,,,,,,,0.3240629176477139,0.4209060005822239,Moderate,0.38498093817038076,0.40687821540321195,0.37167081070245217,8900.0,151000.0,144000.0,1547.32010444393,1431.56396469993,1305.6600972686,29.29967123287671,28.53468493150685,28.33109589041096,952.61,1028.87,1032.34,0.40425505138527223,0.018105614306686054,29.443683384484867,0.9889006574722771,780.9166666666666,365.4194720226788,56066.666666666664,82215.22567829717,0.0933164706350833,0.040854477399431266,0.0826431791973099,-0.0674157303370787,0.3281991912968829,0.158009219133178,0.26410826492201844,0.1204007628013342,Southeast Asia,0.03438665552470799,-1295416.6666666667,-1321.4203364387101,2.0
KHM,Cambodia,2017,0.909449827929068,43,-0.1226592306301438,37,459.03,2.3556712328767127,9.513397260273974,-0.0140032648689733,18.649561643835614,859.8200000000002,83.11,68.29443835616438,14.91,29.07956164383561,34.25380821917808,43.36,24.740410958904118,13,1.7105479452054793,13,12201741896.4868,8.07503915535979,16073372.0,1826.35391688754,,38.206389128721,0.0902332621017247,,32.7703597326082,,69.842,,0.2903189896599041,0.7878930295699351,4.26933241,,91.0569453886245,0.248929216594999,,1.2581938764141043,1.38176596089867,17.8681771583586,15000.0,89.1,75.1838204777674,35.0127905056235,,0.8214191023888369,,,,,,,,,,,,,,,,,,,,,,,,,,,,,,,,,,0.1226592306301438,0.4703413747984983,Moderate,0.4209060005822239,0.38498093817038076,0.40687821540321195,8300.0,8900.0,151000.0,1675.19555711109,1547.32010444393,1431.56396469993,30.49669398907104,29.29967123287671,28.53468493150685,361.27,952.61,1028.87,0.42540943785036767,0.0428580417863067,29.625308955261122,0.7626243935633781,724.5666666666667,318.02648794295953,10733.333333333334,3707.2002014099885,0.11744991553432893,-0.04646839246717305,0.09023326210172478,0.8072289156626506,0.3573984242967936,0.17970045588889036,0.2960223256975527,0.08399398489518434,Southeast Asia,0.10928262822246748,-643833.3333333334,-1391.2098486312398,1.0
KHM,Cambodia,2018,0.9948025104552622,41,-0.015288189695296,36,405.95,3.0852876712328765,9.568904109589042,-0.0023308104426451,18.608164383561647,1126.13,89.61,71.44876712328768,17.27,28.49550684931507,33.673178082191775,41.37,24.104273972602744,12,1.661013698630137,4,14630894025.9984,8.77622376224463,16274522.0,2036.67377566578,,38.999256028288,0.1151583254666575,,33.1881078631317,,69.993,,0.2855593092204107,0.7926238830322405,4.49707794,,92.1964763199638,0.247680626195964,1.60336995124817,1.146631694299463,1.24368277407927,16.4979479082228,37000.0,80.7,76.3583989017941,37.6404336372742,,0.7852919945089705,,,,,,,,,,,,0.0,0.0,2.600613551716544,0.0,1.0,0.0,1.0,0.0,5817.0,0.0,0.0,0.0,,,,,,,,,,,0.015288189695296,0.36240437591529023,Moderate,0.4703413747984983,0.4209060005822239,0.38498093817038076,15000.0,8300.0,8900.0,1826.35391688754,1675.19555711109,1547.32010444393,29.07956164383561,30.49669398907104,29.29967123287671,859.8200000000002,361.27,952.61,0.4178839170986708,0.05403192272550183,29.35725416074057,1.029088112136148,782.4066666666668,388.26192580954086,20100.0,15014.32649172119,-0.22948650632628265,-0.020084717977320365,0.1151583254666575,1.4666666666666668,0.26535876266398417,0.14133501042092333,0.2287096800958067,0.07781112073399327,Southeast Asia,0.004264396902412537,-819266.6666666666,-1411.0657756586195,3.0
KHM,Cambodia,2019,1.1110495093100192,37,0.0043184856855071,37,482.44,3.218520547945206,9.67772602739726,-0.0110592611969211,19.363890410958906,1174.7600000000002,96.7,69.8627397260274,17.07,28.80443835616438,34.02512328767123,41.48,24.34739726027397,14,1.7421643835616438,8,18771430900.2127,7.93695013588524,16481304.0,2225.87705485686,,39.8680962570644,0.0928981761594245,,33.7162803081804,,70.127,,0.2820033121153568,0.8548001969446624,5.05801058,,93.3679129843644,0.246378308415402,2.13345387893978,1.17884740622338,1.26258301009769,15.4385065177157,70000.0,84.0,77.5132246974306,39.5830241256026,87.6600036621094,0.807566123487153,,,,,,,,,,,,0.0,0.0,4.920910825660241,0.0,1.0,0.0,1.0,0.0,435000.0,0.0,12.0,0.0,,,,,,,,,,,-0.0043184856855071,0.42543355167145686,Moderate,0.36240437591529023,0.4703413747984983,0.4209060005822239,37000.0,15000.0,8300.0,2036.67377566578,1826.35391688754,1675.19555711109,28.49550684931507,29.07956164383561,30.49669398907104,1126.13,859.8200000000002,361.27,0.4193931007950818,0.05422143687759347,28.793168949771687,0.29219043514623144,1053.5700000000002,169.54502676280427,40666.666666666664,27682.72626265942,0.17391946660958446,0.010841411190997352,0.09289817615942453,0.8918918918918919,0.3009265099662038,0.16961225789022424,0.2692263124689867,0.08186782754676707,Southeast Asia,-0.009883829700803481,-838000.0,-1475.1565264734968,3.0
KHM,Cambodia,2020,1.08300382894546,30,0.3112421187054559,37,879.7500000000001,5.304153005464482,8.838579234972677,-0.0158365599898669,19.087049180327867,1941.32,256.64000000000004,74.38980874316941,16.77,28.246857923497277,32.99814207650273,42.17,24.15956284153005,11,1.5568032786885244,8,21328475092.6612,-3.55572193406549,16725474.0,2081.73914242939,,36.8999777254893,-0.0647555587641111,,34.3013919102651,,70.059,,0.2680016277778997,0.8351307977009859,5.13031435,,94.7511556764106,0.244560345494543,2.2476462495972,1.393438812259469,1.47062988552696,17.0396522911435,66000.0,86.4,78.6484857238686,39.832658030922,82.5510430822563,0.825242428619343,,,,,,,,,,,,0.0,0.0,6.969270921698639,0.0,2.0,0.0,0.0,100.0,759360.0,2.0,44.0,0.0,,,,,,,,,,,-0.3112421187054559,0.44272605099491114,Moderate,0.42543355167145686,0.36240437591529023,0.4703413747984983,70000.0,37000.0,15000.0,2225.87705485686,2036.67377566578,1826.35391688754,28.80443835616438,28.49550684931507,29.07956164383561,1174.7600000000002,1126.13,859.8200000000002,0.41018799286055274,0.04227544404842617,28.51560104299224,0.27933280721741305,1414.07,457.2588338129728,57666.666666666664,18009.2568789868,0.040646769055978194,-0.019357448521393428,-0.0647555587641111,-0.05714285714285716,0.3215484388879649,0.16336581420206062,0.28106606808504336,0.07736972945881955,Southeast Asia,0.03009982546545209,-1025333.3333333333,-1446.646129436515,2.0
KHM,Cambodia,2021,0.7881054880461414,38,0.1998127229596951,37,514.48,4.546958904109589,8.508712328767123,-0.0106848476024312,18.878082191780823,1659.64,97.16,76.95361643835615,15.09,27.608246575342463,32.202657534246576,42.72,23.693945205479448,24,1.5653150684931507,10,20269721097.822,3.08984284148661,16974305.0,2167.40324198499,,37.1315873016896,0.0411502564416548,,34.6999756401541,,69.301,,0.2655016035773824,0.7986720183686999,6.33888054,,96.160803308407,0.242728035109538,1.96232691812756,1.42008193638054,1.47677836241244,16.9044143710096,15000.0,82.5,79.7640004029773,40.1091858128847,71.9300003051758,0.8113200020148865,,,,,,,,,,,,0.0,0.0,3.135394864799476,0.0,4.0,0.0,3.0,0.0,13726.0,1.0,1.0,0.0,,,,,,,,,,,-0.1998127229596951,0.4820134585329748,Moderate,0.44272605099491114,0.42543355167145686,0.36240437591529023,66000.0,70000.0,37000.0,2081.73914242939,2225.87705485686,2036.67377566578,28.246857923497277,28.80443835616438,28.49550684931507,1941.32,1174.7600000000002,1126.13,0.4500576870664476,0.028993725713136957,28.219847618334708,0.5985531401347787,1591.9066666666668,387.74271332074466,50333.333333333336,30664.8550189518,0.08873976909598036,-0.022608226015240485,0.04115025644165482,-0.7727272727272727,0.3446535833402459,0.17897924816106492,0.30698817583076526,0.09094629838479926,Southeast Asia,0.1039170135262899,-1222566.6666666667,-1489.440896544705,1.0
KHM,Cambodia,2022,0.8156191544063117,20,0.3719023230581559,37,728.3599999999999,5.716356164383561,8.425095890410958,-0.0095284201538411,18.57104109589041,2086.47,142.79,79.59712328767122,16.01,27.422493150684936,32.020356164383564,39.56,23.595260273972603,7,1.466164383561644,5,17801364792.3965,5.12990110773977,17201724.0,2325.03050040841,,36.1906415430912,0.0727263184671898,,34.8115777249037,,70.528,,0.2512730966357921,0.7997363624253864,4.46856117,,97.4491502379334,0.23951899821204,1.95793279576416,1.296939174335639,1.33088813106016,16.5440859884848,28000.0,92.3,80.8599549237853,40.374616187368,,0.8657997746189264,,,,,,,,,,,,0.0,0.0,4.995400931106261,0.0,2.0,0.0,1.0,0.0,167770.0,1.0,31.0,0.0,,,,,,,,,,,-0.3719023230581559,0.32625788998753846,Moderate,0.4820134585329748,0.44272605099491114,0.42543355167145686,15000.0,66000.0,70000.0,2167.40324198499,2081.73914242939,2225.87705485686,27.608246575342463,28.246857923497277,28.80443835616438,1659.64,1941.32,1174.7600000000002,0.41699913317180815,0.08100219138230498,27.759199216508225,0.43241686434465376,1895.8100000000002,217.02380583705528,36333.333333333336,26501.57228040127,-0.32313531041121546,-0.006728186237782596,0.0727263184671898,0.8666666666666667,0.22652218038582506,0.11807482347144288,0.20838756594869953,0.043783882368681165,Southeast Asia,-0.003781369512838695,-1001500.0,-1478.2515711052947,3.0
KHM,Cambodia,2023,0.9012117207556276,50,-0.0701086637139631,37,352.17,2.712767123287672,9.628328767123287,-0.0094138610098637,18.98057534246575,990.16,80.9,69.76879452054794,18.79,29.07394520547945,34.29578082191781,43.16,24.66745205479452,6,1.714712328767123,5,19983916474.9418,5.00733043811898,17423880.0,2429.74853452838,,35.304617697339,0.0450394238275908,,34.8648294810786,,70.668,,0.2402605271217047,0.8019552447863002,4.61706829,,98.7076818490823,0.236465109952548,2.1809128340295,1.266623661914774,1.28320677599476,17.0784472455351,46000.0,95.0,81.8888688771299,40.6290788072508,,0.8844443443856495,,,,,,,,,,,,0.0,0.0,2.8662002987511688,0.0,1.0,0.0,0.0,0.0,14100.0,1.0,0.0,0.0,,,,,,,,,,,0.0701086637139631,0.3733475640079514,Moderate,0.32625788998753846,0.4820134585329748,0.44272605099491114,28000.0,15000.0,66000.0,2325.03050040841,2167.40324198499,2081.73914242939,27.422493150684936,27.608246575342463,28.246857923497277,2086.47,1659.64,1941.32,0.3938729708428215,0.07988065177207018,28.03489497716895,0.9046242957200911,1578.756666666667,552.6124222575287,29666.666666666668,15567.059238447478,0.14433267505718117,0.060222535045223013,0.04503942382759085,0.6428571428571428,0.25407634575495136,0.13180893015533524,0.23912470368212632,0.043142422530959526,Southeast Asia,-0.007891369640374124,-611300.0,-1549.7005096157973,4.0
LKA,Sri Lanka,2008,0.8399196788184619,24,-0.1105687402419146,37,463.94999999999993,3.63915300546448,7.323387978142075,0.0034428175353724,18.36204918032787,1331.9299999999998,130.49,83.00494535519125,17.16,25.89109289617486,30.16724043715847,37.21,22.843852459016396,19,2.916284153005465,8,2616559583.33783,5.95008814473897,20629378.0,1973.58476901287,,32.6394067540874,,,41.4224206665604,,72.556,,0.2416988192108235,0.8692258028304161,3.85482955,,328.964726518896,0.058169470742162,,2.189265154601604,0.665501489405385,13.379200767591,525000.0,82.9,85.8700345787064,16.2762363395441,90.5599975585938,0.843850172893532,,,,,,,,,,,,0.0,0.0,5.711811095328682,0.0,4.0,0.0,3.0,0.0,826905.0,1.0,57.0,0.0,,,,,,,,,,,0.1105687402419146,0.4406083963032654,Moderate,,,,,,,,,,,,,,,,0.4406083963032654,,25.89109289617486,,1331.9299999999998,,525000.0,,,,,,0.3262759336382168,0.1438119666620842,0.3555874414161967,0.06880092490441302,South Asia,0.008001201179740514,-740066.6666666667,1058.1247239210788,3.0
LKA,Sri Lanka,2009,0.9908689356515972,36,-0.1117897749035714,37,570.98,3.6281917808219175,8.478986301369863,0.0012726696164827,18.733890410958903,1324.29,164.5,78.4481095890411,17.03,26.553753424657533,31.52747945205479,38.53,23.048493150684934,13,3.2387945205479456,8,5353610216.22721,3.53891205317842,20756435.0,2026.65939950702,7.8,32.2247838446574,0.0268925010607454,,41.6137777069048,36.1,70.298,,0.2363797520638499,0.7936205632699221,4.05676842,,330.990830808484,0.0578133961829187,2.05590009689331,2.0323309399066902,0.614014271918797,12.691971303497,363000.0,87.1,86.149546290692,16.7428136405592,,0.86624773145346,280000.0,,,,,,,,,,,0.0,0.0,4.408896493431372,0.0,3.0,0.0,3.0,0.0,380000.0,0.0,3.0,0.0,280000.0,400000.0,0.0,,,280000.0,,,,,0.1117897749035714,0.44403602577903645,Moderate,0.4406083963032654,,,525000.0,,,1973.58476901287,,,25.89109289617486,,,1331.9299999999998,,,0.44232221104115094,0.0024237000457125804,26.2224231604162,0.4685717533147572,1328.11,5.402295808265133,444000.0,114551.2985522207,0.007779310391107019,0.025594150511142555,0.026892501060745477,-0.3085714285714286,0.3257155305898741,0.1430896494997017,0.3587319558534384,0.05939082576433603,South Asia,0.011547531793714427,-826833.3333333333,1078.3692085086325,4.0
LKA,Sri Lanka,2010,0.8312423589177845,35,0.0674751008948832,37,681.7800000000001,5.23745205479452,7.435506849315068,-0.0035073181926988,18.180273972602738,1911.67,175.55,82.90580821917808,17.25,26.110054794520547,30.455342465753425,37.81,23.01983561643836,13,2.959972602739726,6,7195358507.00001,8.01596737040464,20879089.0,2808.36245207687,,31.5366136826645,0.385710126111964,,41.7796204752033,,74.463,,0.1989188912337908,0.8920901063084233,3.7414515,,332.946723010684,0.0574737719639013,1.66176998615265,1.9616597354502328,0.589181271319281,9.04833700695796,141000.0,85.3,86.4291556311836,17.2486209380693,91.1800003051758,0.858645778155918,,,,,,,,,,,,0.0,0.0,6.898786660231955,0.0,2.0,0.0,2.0,105.0,770265.0,0.0,35.0,0.0,0.0,327000.0,0.0,,,,,,,,-0.0674751008948832,0.4167426674898508,Moderate,0.44403602577903645,0.4406083963032654,,363000.0,525000.0,,2026.65939950702,1973.58476901287,,26.553753424657533,25.89109289617486,,1324.29,1331.9299999999998,,0.43379569652405087,0.014867464827156887,26.18496703845098,0.33762201826932514,1522.6299999999999,336.9401780732005,343000.0,192779.66697761463,-0.06146654033600307,-0.016709450563963224,0.385710126111964,-0.6115702479338843,0.2628626845642025,0.1314265250971053,0.3370226280002709,0.05890833547225485,South Asia,-0.0008871797716104024,-2509400.0,1633.950503456161,4.0
LKA,Sri Lanka,2011,0.7998865499025456,19,0.107556234298491,37,724.9499999999999,5.597260273972603,6.974986301369863,0.0035121476322913,18.174301369863013,2043.0,232.52,84.34772602739727,17.57,25.8132602739726,29.901643835616436,36.18,22.926657534246573,9,2.949342465753425,5,6739196545.08981,8.66948301160571,21009048.0,3224.95745082305,,30.7775026855439,0.1483408946869002,,43.5337266783607,,74.74,,0.1772726651245373,0.828532084256157,3.5819521,,335.019103811194,0.0618781012828378,1.74292004108429,2.0788170841513214,0.620507027958285,9.53315934995748,685000.0,87.8,86.7091246125712,17.7881192817964,,0.872545623062856,,,,,,,,,,,,0.0,0.0,7.885890082383614,0.0,4.0,0.0,3.0,500.0,1328965.0,1.0,87.0,0.0,0.0,125000.0,0.0,,,,,,,,-0.107556234298491,0.3773937427280687,Moderate,0.4167426674898508,0.44403602577903645,0.4406083963032654,141000.0,363000.0,525000.0,2808.36245207687,2026.65939950702,1973.58476901287,26.110054794520547,26.553753424657533,25.89109289617486,1911.67,1324.29,1331.9299999999998,0.41272414533231866,0.03350238592711359,26.159022831050226,0.372667315449052,1759.6533333333334,382.71113941631404,396333.3333333333,273527.5732596868,-0.09442019699780413,-0.011367058509974215,0.14834089468690026,3.8581560283687946,0.2173717447392254,0.11615236930320598,0.30552581116451705,0.04810048433938282,South Asia,-0.03149557112263485,195500.0,1886.340093942689,4.0
LKA,Sri Lanka,2012,1.224260172637826,42,0.0221901255787554,37,756.81,4.830928961748634,8.16549180327869,0.0013952079576515,18.920163934426228,1768.12,225.21,79.76732240437157,17.32,26.423934426229508,31.207213114754094,36.74,23.04172131147541,7,3.0911748633879776,6,7106460348.66884,8.6321813769906,21169458.0,3327.77612404326,6.4,30.99421839075,0.0318821797769672,,43.6931908786477,38.7,75.187,,0.1743309103224229,0.8314611548478599,3.30659294,,337.577069047999,0.0614092245535998,1.45343005657196,2.567705870011155,0.760628047767682,7.91028886801456,129000.0,87.0,86.9893246653002,18.2617686748284,,0.869946623326501,,,,,,,,,,,,0.0,0.0,7.216478566222602,0.0,3.0,1.0,1.0,58.2,2316021.0,1.0,53.0,0.0,0.0,93000.0,0.0,,,,,,,,-0.0221901255787554,0.4128519671526332,Moderate,0.3773937427280687,0.4167426674898508,0.44403602577903645,685000.0,141000.0,363000.0,3224.95745082305,2808.36245207687,2026.65939950702,25.8132602739726,26.110054794520547,26.553753424657533,2043.0,1911.67,1324.29,0.4023294591235176,0.021682408800550754,26.11574983157422,0.30537690669720774,1907.5966666666666,137.48526333150522,318333.3333333333,317599.32829483965,0.09395551756700415,0.02365738174006049,0.03188217977696728,-0.8116788321167883,0.23221382244503178,0.12796024032979458,0.33466737822837384,0.05369279239449646,South Asia,-0.030189211779810543,-1833933.3333333333,1950.982210351035,4.0
LKA,Sri Lanka,2013,0.4830784202207996,17,-0.0773852506624331,37,533.0200000000001,3.937041095890411,7.093890410958904,0.0020341219526038,18.069260273972603,1437.02,146.68,83.63660273972603,18.2,25.930301369863013,30.095780821917806,35.13,23.00189041095891,7,3.108520547945205,5,7500000871.53903,4.0517463303875,20585000.0,3739.43182292825,,29.6272492366222,0.1237029426080582,,43.6931908786477,,75.546,,0.1506065727684784,0.8372908285993048,3.69365358,,328.257056290863,0.0631527811513238,1.5645899772644,-9.190156124764616,-2.79968273298027,7.9246041166418,324000.0,90.2,87.2717415635994,18.4323136480916,,0.887358707817997,,,,,,,,,,,,0.0,0.0,5.629631615061676,0.0,3.0,0.0,2.0,2.0,81300.0,1.0,117.0,0.0,0.0,90000.0,0.0,,,,,,,,0.0773852506624331,0.3395381749207649,Moderate,0.4128519671526332,0.3773937427280687,0.4167426674898508,129000.0,685000.0,141000.0,3327.77612404326,3224.95745082305,2808.36245207687,26.423934426229508,25.8132602739726,26.110054794520547,1768.12,2043.0,1911.67,0.37659462826715556,0.036663428246627765,26.055832023355038,0.32411292597376345,1749.3799999999999,303.4243411461908,379333.3333333333,282099.86411434755,-0.17757888556884094,-0.018681285247078683,0.12370294260805825,1.5116279069767442,0.17260016426253483,0.10059582133725326,0.2739185439530765,0.03824601876819393,South Asia,-0.08616148999062628,-353166.6666666666,2273.376907210607,6.0
LKA,Sri Lanka,2014,1.0519693739578109,20,0.1294081276335881,37,783.26,5.793424657534247,7.852767123287672,-0.003027537923563,18.147534246575344,2114.6,264.21,80.1591506849315,17.1,26.5481095890411,31.18756164383561,39.89,23.33479452054795,19,3.057095890410959,9,8210750127.74159,6.37797889684965,20778000.0,3972.04377042271,,28.1264364829701,0.0622051580318177,,43.6931908786477,,75.757,,0.1343752065902614,0.9147696985517946,3.46786141,,331.334715356403,0.0625661757628261,1.85859000682831,3.0920418804534484,0.933207942647201,8.08070792377259,152000.0,92.7,87.5563586215225,18.6153877203724,92.5346618196112,0.9012817931076124,,,,,,,,,,,,0.0,0.0,7.802513514016114,3.0,7.0,1.0,3.0,27.0,3005826.0,0.0,336.0,0.0,0.0,90000.0,0.0,,,,,,,,-0.1294081276335881,0.4902452084400308,Moderate,0.3395381749207649,0.4128519671526332,0.3773937427280687,324000.0,129000.0,685000.0,3739.43182292825,3327.77612404326,3224.95745082305,25.930301369863013,26.423934426229508,25.8132602739726,1437.02,1768.12,2043.0,0.4142117835044763,0.07536271832562398,26.30078179504454,0.3267976083860425,1773.2466666666667,338.8190905680099,201666.66666666666,106566.09842409249,0.4438588784734887,0.02382572459786836,0.0622051580318177,-0.5308641975308642,0.23421666375654013,0.13788850716268963,0.39613449474766116,0.04839612791478466,South Asia,0.0415473829224734,-678166.6666666666,2416.4582198514554,3.0
LKA,Sri Lanka,2015,0.8414454774451421,43,0.1008511212178753,37,733.72,5.537068493150685,6.926876712328768,0.0030689250116603,18.831616438356168,2021.03,186.08,85.09668493150686,18.03,25.998493150684933,30.031123287671228,35.12,23.104246575342465,6,2.707780821917808,4,7302096590.22385,4.20595547501601,20970000.0,4057.71582716521,,28.6624218253517,0.02156875948358,,44.2699497519913,,75.99,,0.1337073072339858,0.9165490500788402,3.6826396,,338.810527846445,0.0619933237958989,2.10998010635376,3.116416594239997,0.91981102654886,8.21693887934065,66000.0,94.3,87.8430484990773,18.796256612131,92.5537849020454,0.9107152424953864,,,,,,,,,,,,0.0,0.0,4.023660573459674,0.0,2.0,0.0,2.0,0.0,27309.0,0.0,10.0,0.0,0.0,43977.0,0.0,,,,,,,,-0.1008511212178753,0.3643686872768059,Moderate,0.4902452084400308,0.3395381749207649,0.4128519671526332,152000.0,324000.0,129000.0,3972.04377042271,3739.43182292825,3327.77612404326,26.5481095890411,25.930301369863013,26.423934426229508,2114.6,1437.02,1768.12,0.39805069021253386,0.08080229253781156,26.158968036529682,0.3387268673447146,1857.55,367.1824436162492,180666.66666666666,131367.16992206755,-0.25676236910864725,-0.02070265818787509,0.021568759483580058,-0.5657894736842105,0.16997431798687934,0.10443689014677471,0.2955501068357623,0.032532569885784006,South Asia,-0.029441649705951978,-1258666.6666666667,2443.101820966295,3.0
LKA,Sri Lanka,2016,1.2789715123557412,75,-0.1767031632093676,37,580.0400000000001,3.045464480874317,8.317185792349726,0.0002554075230793,19.144890710382512,1114.64,310.37,79.40215846994535,16.77,26.78027322404371,31.68726775956284,38.04,23.37008196721312,9,3.0382240437158465,5,6008199165.17799,5.05362488993089,21209000.0,4149.19189391879,3.8,27.1006495741435,0.022543734122822,,44.4315189116701,39.3,76.136,,0.1231623181830527,0.9174233264982732,3.61788416,,342.672030762768,0.0617662313168938,3.22929000854492,3.8834250163618704,1.13327749793807,7.26171847766503,500000.0,97.5,88.13156471936,18.9747679368162,92.3899993896484,0.9281578235968,,,,,,,,,,,,0.0,0.0,8.459225756768896,0.0,2.0,1.0,1.0,1220.0,1201602.0,0.0,203.0,0.0,,43607.0,0.0,,,,,,,,0.1767031632093676,0.49935434802199835,Moderate,0.3643686872768059,0.4902452084400308,0.3395381749207649,66000.0,152000.0,324000.0,4057.71582716521,3972.04377042271,3739.43182292825,25.998493150684933,26.5481095890411,25.930301369863013,2021.03,2114.6,1437.02,0.45132274791294497,0.07544203471418277,26.442291987923245,0.40148853570801907,1750.09,552.3009714820352,239333.33333333334,229802.8140239657,0.3704644923087086,0.030070207101144275,0.022543734122822068,6.575757575757576,0.2269378781084805,0.13532827199069075,0.4058261880392479,0.03587470315830134,South Asia,0.07550702235625817,-94233.33333333337,2427.5227416076505,2.0
LKA,Sri Lanka,2017,0.6481383266433135,19,-0.1318135559331207,37,449.78,3.448438356164383,8.490164383561643,-0.0005568119282468,19.18095890410959,1258.6799999999998,112.63,78.3717808219178,16.73,26.748602739726028,31.754109589041096,37.67,23.26394520547945,8,2.997260273972602,8,7959047614.93675,6.46068127080994,21453000.0,4398.88828786059,,26.0738102891425,0.0601795241882556,,44.5963194545425,,76.239,,0.1099356385479074,0.9184289792797488,3.33093429,,346.614318258931,0.0615391786696499,2.59316992759705,3.964878151331986,1.14388758411593,7.43067877940601,135000.0,97.5,88.4218720472391,19.1507693078088,91.9000015258789,0.9296093602361954,,,,,,,,,,,,0.0,0.0,8.460211203300815,0.0,3.0,0.0,2.0,735.0,1053206.0,1.0,329.0,0.0,,41938.0,0.0,,,,,,,,0.1318135559331207,0.36878515627843544,Moderate,0.49935434802199835,0.3643686872768059,0.4902452084400308,500000.0,66000.0,152000.0,4149.19189391879,4057.71582716521,3972.04377042271,26.78027322404371,25.998493150684933,26.5481095890411,1114.64,2021.03,2114.6,0.41083606385907984,0.07669088128957038,26.509123038151557,0.4425018829054465,1464.7833333333335,487.0776591400318,233666.66666666666,233217.35212743792,-0.26147602851715,-0.0011826049739197542,0.06017952418825567,-0.73,0.15549177965501332,0.09615634202255696,0.30029775104811807,0.025959023085833713,South Asia,-0.05733318390656178,-338300.0,2525.711070784212,5.0
LKA,Sri Lanka,2018,0.9200574758709468,24,-0.0729172099022959,37,550.75,3.977150684931507,8.105260273972602,-0.0015716827524597,18.84295890410959,1451.66,117.9,81.29619178082191,16.54,26.27928767123288,31.021205479452053,37.65,22.915945205479453,6,2.826191780821917,5,6920825566.09992,2.31008425504933,21670000.0,4358.56095905888,,25.497887752547,-0.0091676183077891,,45.448079658606,,76.485,,0.1088593249541678,0.9184067193791496,3.6418879,,350.284495021337,0.0632948777111214,1.98781001567841,3.525375183744848,1.0064319813899,7.5920639513666,113000.0,99.6,88.7139577159347,19.3241083384127,91.7099990844727,0.9415697885796734,1100.0,,,,,,,,,,,0.0,0.0,5.2092907612511,0.0,3.0,0.0,3.0,0.0,303712.0,0.0,34.0,0.0,1138.0,37064.0,0.0,,,1100.0,,,,,0.0729172099022959,0.34443820879478193,Moderate,0.36878515627843544,0.49935434802199835,0.3643686872768059,135000.0,500000.0,66000.0,4398.88828786059,4149.19189391879,4057.71582716521,26.748602739726028,26.78027322404371,25.998493150684933,1258.6799999999998,1114.64,2021.03,0.4041925710317386,0.08330676030731779,26.60272121166754,0.28054891944687227,1274.9933333333336,169.10119376672915,249333.33333333334,217362.21689459594,-0.06601932607415306,-0.01754540500899282,-0.009167618307789116,-0.16296296296296298,0.1470526157370712,0.08782446785537697,0.2809757496651998,0.020125597361117693,South Asia,-0.0905415069730598,-439483.3333333334,2436.9054527854832,5.0
LKA,Sri Lanka,2019,1.1275139229004387,26,-0.0243577860399034,37,656.19,4.413068493150685,8.763972602739727,-0.0041217156972826,19.22095890410959,1610.77,196.68,77.01682191780823,18.01,27.240630136986297,32.36635616438357,40.27,23.602383561643837,18,2.938986301369863,15,7648305273.42442,-0.220483886824823,21803000.0,4081.94772178134,2.7,25.3271996274154,-0.0634643497878867,,45.4472947072851,37.7,76.698,,0.1173419026156976,0.9185217318531284,3.70119572,,352.431694638296,0.0629075264871807,,2.156444764741368,0.611875945764341,7.2562466999024,87000.0,99.8,89.0074705240203,19.4946326418437,92.25,0.9440373526201016,1700.0,,,,,,,,,,,0.0,0.0,5.433804045667404,0.0,6.0,1.0,5.0,0.0,754665.0,0.0,30.0,0.0,1700.0,26189.0,0.0,,,1700.0,,,,,0.0243577860399034,0.5192187660278906,High,0.34443820879478193,0.36878515627843544,0.49935434802199835,113000.0,135000.0,500000.0,4358.56095905888,4398.88828786059,4149.19189391879,26.27928767123288,26.748602739726028,26.78027322404371,1451.66,1258.6799999999998,1114.64,0.41081404370036934,0.09466721359648857,26.756173515981732,0.4807159469011366,1440.37,176.31630695996245,111666.66666666667,24027.761721254607,0.5074366106033372,0.036581755098551216,-0.06346434978788673,-0.23008849557522126,0.24055607716511235,0.13150357337488675,0.4239934650021689,0.029056856716244826,South Asia,0.07882484627990788,-1500833.3333333333,2191.3914402058053,2.0
LKA,Sri Lanka,2020,0.8966809504195086,27,-0.0618376322235109,37,553.0,4.076612021857923,8.129590163934427,-0.0009494122995794,19.25172131147541,1492.04,134.24,80.95256830601093,17.73,26.614945355191256,31.378852459016397,38.24,23.24926229508197,13,2.9452459016393444,7,5663994385.32784,-4.62451503712715,21919000.0,3847.60136741182,,27.124059172471,-0.0574104252043807,,45.4574846427417,,76.928,,0.1340242748603981,0.9175948462845548,4.27431631,,354.332363401229,0.0625940964460057,1.55792392223723,1.880181629218536,0.530626559530355,8.25132326034921,19000.0,100.0,89.3024800646489,19.6621898312161,92.379997253418,0.9465124003232446,,,,,,,,,,,,0.0,0.0,4.540156894479101,0.0,3.0,0.0,2.0,0.0,152765.0,1.0,10.0,0.0,,25889.0,0.0,,,,,,,,0.0618376322235109,0.40911930056954604,Moderate,0.5192187660278906,0.34443820879478193,0.36878515627843544,87000.0,113000.0,135000.0,4081.94772178134,4358.56095905888,4398.88828786059,27.240630136986297,26.27928767123288,26.748602739726028,1610.77,1451.66,1258.6799999999998,0.4242587584640729,0.08836833814033229,26.711621054470147,0.48790826723731295,1518.1566666666668,82.7076673188953,73000.0,48538.644398047,-0.21204831693704695,-0.022968807206317554,-0.05741042520438078,-0.7816091954022988,0.20215232993547363,0.11096976117248315,0.3343917350523649,0.021882809368898058,South Asia,-0.04518789623067537,-1521666.6666666667,2023.1189901968548,5.0
LKA,Sri Lanka,2021,0.8183953343525466,10,0.1013455355642839,37,715.6999999999999,5.541506849315069,6.778575342465754,0.0009472562021405,18.836,2022.65,185.6,85.55249315068492,17.25,25.95430136986301,29.923479452054792,35.71,23.14490410958904,17,2.8757534246575345,10,3136991506.34787,4.2074764950026,22156000.0,3996.96240531688,,27.2756790552661,0.0388192600122532,,45.4574846427417,,76.278,,0.1294170416609469,0.9166848917004816,5.19427729,,358.163595215002,0.0619245351146416,1.50650579603928,3.851870230601457,1.07544995696428,8.78994016441411,121000.0,100.0,89.5988356123165,19.8266275195269,92.4300003051758,0.9479941780615826,,,,,,,,,,,,0.0,0.0,5.246168395726063,0.0,5.0,0.0,4.0,0.0,330777.0,1.0,35.0,0.0,,10904.0,0.0,,,,,,,,-0.1013455355642839,0.42932032999699554,Moderate,0.40911930056954604,0.5192187660278906,0.34443820879478193,19000.0,87000.0,113000.0,3847.60136741182,4081.94772178134,4358.56095905888,26.614945355191256,27.240630136986297,26.27928767123288,1492.04,1610.77,1451.66,0.45255279886481076,0.05861129396988088,26.603292287346857,0.6432435540095783,1708.4866666666667,278.47469047174326,75666.66666666667,51935.85787616675,0.04937686733265112,-0.024822293508838134,0.03881926001225322,5.368421052631579,0.2037029652700268,0.11710003532898981,0.35154371209446134,0.022327156636366353,South Asia,0.018993436218419313,-754000.0,2032.963799889733,3.0
LKA,Sri Lanka,2022,0.6191091104098532,18,0.0401449745239622,37,643.6,4.992109589041096,7.076684931506849,-6.394503767061581e-05,18.38819178082192,1822.12,127.18,84.54128767123288,16.92,25.91739726027397,30.062986301369858,34.29,22.98630136986301,9,2.9075342465753424,7,1896231717.15846,-7.34919311146656,22181000.0,3342.63650438046,,26.4927667720376,-0.1637057931958569,,45.4574846427417,,77.3,,0.1484942964882591,0.9140510227562908,3.98300457,,358.567733591982,0.0618547405437086,1.20397218661186,0.4043662985691098,0.112772639779474,8.4479528697634,11000.0,100.0,89.8964005892061,19.9877933196367,92.4899978637695,0.9494820029460304,,,,,,,,,,,,0.0,0.0,4.736195304063831,0.0,5.0,0.0,3.0,0.0,178176.0,2.0,15.0,0.0,,11063.0,0.0,,,,,,,,-0.0401449745239622,0.351183201345215,Moderate,0.42932032999699554,0.40911930056954604,0.5192187660278906,121000.0,19000.0,87000.0,3996.96240531688,3847.60136741182,4081.94772178134,25.95430136986301,26.614945355191256,27.240630136986297,2022.65,1492.04,1610.77,0.39654094397058554,0.040558772288300335,26.16221466177608,0.3925102404986192,1778.9366666666665,267.9278694599225,50333.333333333336,61329.71003790411,-0.1820019300095277,-0.0014218879970274712,-0.16370579319585699,-0.9090909090909091,0.1968412845324027,0.09303814647496303,0.2876170408163977,0.0177410719309612,South Asia,-0.0814001761229205,-2076166.6666666667,1405.8700851266392,6.0
LKA,Sri Lanka,2023,0.9637041890119926,18,0.1992975630209799,37,895.8500000000001,6.42082191780822,7.341397260273973,0.0059413483439982,18.691424657534245,2343.6000000000004,237.05,83.1493424657534,16.83,26.45575342465753,30.760438356164386,37.15,23.41904109589041,15,2.868602739726027,9,4405117005.00662,-2.0289296690344,22037000.0,3815.41531767474,,26.456025466166,0.1414388949186407,,48.6081474296799,,77.483,,0.1318429896833565,0.920354063088032,3.68313766,,356.239896540576,0.0622589281662658,1.82774571561927,-2.320264437563225,-0.651320770103285,8.04312180256758,17000.0,100.0,90.1950284141998,20.1455348442463,92.6600036621094,0.950975142070999,,,,,,,,,,,,0.0,0.0,4.693131838957294,0.0,5.0,0.0,1.0,0.0,288848.0,4.0,9.0,0.0,,11063.0,0.0,,,,,,,,-0.1992975630209799,0.4443964453815486,Moderate,0.351183201345215,0.42932032999699554,0.40911930056954604,11000.0,121000.0,19000.0,3342.63650438046,3996.96240531688,3847.60136741182,25.91739726027397,25.95430136986301,26.614945355191256,1822.12,2022.65,1492.04,0.4082999922412531,0.0500356689319569,26.109150684931503,0.3007333914205956,2062.79,263.0470724034011,49666.666666666664,61849.27916583504,0.265426260935256,0.020771999556018272,0.1414388949186407,0.5454545454545454,0.22146393848422144,0.11756963676087898,0.36355646410100706,0.021786472598983482,South Asia,0.02308860125313006,-582333.3333333334,1822.5242509078346,3.0
MMR,Myanmar,2008,0.981728186846644,83,-0.0047048280796621,37,362.8,2.218224043715847,11.484234972677594,-0.0058893327891492,17.91691256830601,811.8700000000001,57.49,61.10975409836066,11.7,25.598524590163933,31.81625683060109,40.99,20.332021857923493,20,1.5699453551912566,16,3920716171.43089,10.2553053929808,48390793.0,658.442487229705,,52.75717622201,,,18.7919976733863,,56.364,,0.4818986723529349,0.6967900858023631,2.12175322,,74.0701856698964,0.220992452014581,,0.4078957900022826,0.550688224031359,40.2750956375485,2250000.0,50.6,60.4787323145867,28.8586544957208,,0.5553936615729336,,,,,,,,,,,,0.0,0.0,11.633139377835215,0.0,1.0,0.0,0.0,4000.0,2420000.0,1.0,138366.0,0.0,,,,,,,,,,,0.0047048280796621,0.5518500050832035,High,,,,,,,,,,,,,,,,0.5518500050832035,,25.598524590163933,,811.8700000000001,,2250000.0,,,,,,0.5040750923977791,0.29114047966291684,0.33165601869435896,0.24535601012100108,Southeast Asia,0.16763140826476403,1142600.0,-1188.4809648092958,1.0
MMR,Myanmar,2009,0.930933880197627,75,-0.1339646011004062,37,208.86,1.5696986301369864,11.942164383561645,-0.0005412871431286,18.10013698630137,572.94,41.510000000000005,59.9953698630137,11.31,26.17558904109589,32.656,40.16,20.71383561643836,12,1.5889041095890413,7,5505842339.24314,10.5500090961932,48660459.0,758.442935789255,,52.1437485742485,0.1518742342710697,,19.04331853666,,63.095,,0.469439542692506,0.7282937937864677,2.17283702,,74.4840945966631,0.221822815111547,,0.4139231412527828,0.555720175554536,38.1081206105058,2500.0,51.8,62.2761475757096,29.0033937270962,,0.570380737878548,75000.0,,,,,,,,,,,0.0,0.0,3.450352406928153,1.0,1.0,0.0,0.0,0.0,1351.0,0.0,24.0,0.0,75000.0,470000.0,0.0,,,75000.0,,,,,0.1339646011004062,0.4350714311954108,Moderate,0.5518500050832035,,,2250000.0,,,658.442487229705,,,25.598524590163933,,,811.8700000000001,,,0.49346071813930714,0.08257492149335248,25.88705681562991,0.4080461864356783,692.4050000000001,168.94902322890184,1126250.0,1589222.4907167656,-0.21161288903165953,0.022542879332728916,0.15187423427106972,-0.9988888888888889,0.39168594372943255,0.22686255320091955,0.26180625429207044,0.18691506724029644,Southeast Asia,0.05014833830321025,-537416.6666666666,-1088.0132899808875,1.0
MMR,Myanmar,2010,1.1052458478566805,80,0.0100051655883999,37,389.11000000000007,2.2920273972602745,11.654767123287671,-0.0081650967491973,18.785315068493148,836.5900000000001,113.56,60.69128767123288,12.12,26.142493150684928,32.45958904109589,40.89,20.80482191780822,15,1.4958904109589042,7,6045321166.89603,9.6344394520444,49024382.0,1010.53417343401,,51.9488751807357,0.3323799665724651,,19.1746012307504,,63.479,,0.4504666535637923,0.7406897711172125,1.96793783,,75.045742889508,0.220522922655098,,0.559165536067439,0.745099607969388,36.853075751266,106000.0,48.8,64.0988519879754,29.1415329218024,,0.564494259939877,73000.0,,,,,,,,,,,0.0,1.0,7.4624605998274065,1.0,3.0,0.0,0.0,57.0,406531.0,1.0,373.0,0.0,73000.0,446000.0,0.0,,,73000.0,,,,,-0.0100051655883999,0.4800508986209864,Moderate,0.4350714311954108,0.5518500050832035,,2500.0,2250000.0,,758.442935789255,658.442487229705,,26.17558904109589,25.598524590163933,,572.94,811.8700000000001,,0.48899077829986687,0.05890033884725374,25.97220226064825,0.32403716693376877,740.4666666666668,145.60789001058063,786166.6666666666,1268772.6681062032,0.10338409787558134,-0.0012643799671137046,0.33237996657246516,41.4,0.4162687278400944,0.24938104212861628,0.2893681107619362,0.20906492187045975,Southeast Asia,0.07457132640282399,-392500.0,-1297.5376174108865,2.0
MMR,Myanmar,2011,0.8271276591646284,58,0.1232206092735514,37,395.55,2.8600547945205483,10.746328767123288,-0.0018883010095675,17.661890410958904,1043.92,100.18,68.02616438356165,11.3,24.90676712328768,30.72495890410959,38.12,19.978630136986304,17,1.462191780821918,8,7361702603.01112,5.59148237823661,49419820.0,1213.62898703376,,52.2255247233107,0.2009776798637008,,19.2227035466638,,63.859,,0.4389198025208069,0.7491261790729372,1.95077813,,75.6475990754489,0.218252514881681,0.787440001964569,0.607737084905536,0.803379211413432,32.4961825024034,13000.0,54.1,65.9461876733172,29.2724765136213,,0.600230938366586,50000.0,,,,,,,,,,,0.0,0.0,5.45269350413782,0.0,1.0,0.0,1.0,1.7,35734.0,0.0,151.0,0.0,50000.0,450000.0,0.0,,,50000.0,,,,,-0.1232206092735514,0.4450971489783601,Moderate,0.4800508986209864,0.4350714311954108,0.5518500050832035,106000.0,2500.0,2250000.0,1010.53417343401,758.442935789255,658.442487229705,26.142493150684928,26.17558904109589,25.598524590163933,836.5900000000001,572.94,811.8700000000001,0.45340649293158575,0.023612962968925694,25.741616438356164,0.7231900639826739,817.8166666666667,236.0505637217021,40500.0,56967.09576589145,-0.07281259079617564,-0.047268866832040235,0.20097767986370085,-0.8773584905660378,0.37407370010579677,0.23245432158244453,0.268786785299078,0.17793606958278688,Southeast Asia,0.08437534619805176,-755066.6666666666,-1384.794711330555,1.0
MMR,Myanmar,2012,0.8686052545784074,59,0.0666177661992661,37,436.17,2.5760655737704923,11.188333333333334,-0.0021026574253281,18.164071038251368,942.84,68.38,64.87437158469946,10.78,25.41046448087432,31.52603825136612,38.96,20.337704918032788,10,1.5427868852459017,6,7352900705.37492,7.33267044704149,49837446.0,1202.6658960055,,52.2790733479251,-0.0090333134305362,,19.2130444767664,,64.251,,0.440123409131376,0.7503031128336692,2.43605232,,76.3032167189773,0.215721327292735,,0.6420969771928178,0.841507088171189,30.5901997024538,74000.0,55.3,67.8182524811461,29.3956289363345,,0.6155912624057305,166000.0,,,,,,,,,,,0.0,0.0,3.844570405499983,0.0,1.0,0.0,1.0,0.0,85000.0,0.0,2.0,0.0,166000.0,450000.0,0.0,,,166000.0,,,,,-0.0666177661992661,0.3935256428331594,Moderate,0.4450971489783601,0.4800508986209864,0.4350714311954108,13000.0,106000.0,2500.0,1213.62898703376,1010.53417343401,758.442935789255,24.90676712328768,26.142493150684928,26.17558904109589,1043.92,836.5900000000001,572.94,0.4395578968108353,0.043527778006909455,25.48657491828231,0.6213688942235298,941.1166666666668,103.67574274309943,64333.333333333336,47247.57489367656,-0.1158657301300936,0.020223313410903776,-0.00903331343053626,4.6923076923076925,0.3312986179989751,0.20573155945964114,0.23811006977269764,0.1512746955724682,Southeast Asia,0.06905297864093246,-737080.0,-1556.1679732671935,1.0
MMR,Myanmar,2013,0.8491973171250846,48,-0.0232009846575561,37,341.11,2.1254246575342464,11.591342465753424,-0.0047782628330572,18.41093150684932,775.78,58.19000000000001,63.14553424657533,8.95,25.876,32.18328767123287,39.73,20.59194520547945,13,1.592164383561644,6,8835555373.11893,8.42600102501767,50262658.0,1199.09561597055,,52.1571358946131,-0.0029686382949813,,19.2732896429228,,64.617,,0.439341687604915,0.7516110382886201,3.11112022,,76.9624823911313,0.214314173357087,,0.6538568211871896,0.849578652965248,29.5337253604993,223000.0,56.5,69.7146626625881,29.5103946237239,,0.6310733133129405,54000.0,,,,,,,,,,,0.0,0.0,4.631920391243124,1.0,2.0,0.0,1.0,0.0,73300.0,0.0,23.0,0.0,53946.0,640900.0,0.0,,,54000.0,,,,,0.0232009846575561,0.4024098878541243,Moderate,0.3935256428331594,0.4450971489783601,0.4800508986209864,74000.0,13000.0,106000.0,1202.6658960055,1213.62898703376,1010.53417343401,25.41046448087432,24.90676712328768,26.142493150684928,942.84,1043.92,836.5900000000001,0.413677559888548,0.027570371530460283,25.397743868054004,0.48474163511906304,920.8466666666667,135.41619154788455,103333.33333333333,108029.31700854897,0.022576025686670498,0.018320622178161106,-0.002968638294981396,2.0135135135135136,0.3389669240963736,0.20988547206143576,0.243961233433546,0.14845974661613326,Southeast Asia,0.02019843590255821,-1255166.6666666667,-1672.6107085452384,2.0
MMR,Myanmar,2014,1.093487126796859,93,-0.1098176521795679,37,281.17999999999995,1.6908493150684931,12.058328767123289,0.0001789237037384,18.886602739726023,617.16,50.67,59.46208219178082,12.11,26.38328767123288,32.907972602739726,40.49,20.84964383561644,21,1.6156438356164384,11,4509489138.8808,8.16990745558277,50681634.0,1293.00042298688,,52.1713288544488,0.0783130267224965,,19.342193911925,,64.994,,0.4330198341251857,0.8231288948943634,4.14940882,,77.6040209468978,0.213410641022347,,0.6442050035256114,0.830118073348831,27.8298025759612,81000.0,52.0,71.6357324611293,29.6164342116462,90.3600006103516,0.6181786623056464,6200.0,,,,,,,,,,,0.0,0.0,3.1789979198350733,0.0,2.0,0.0,2.0,0.0,40000.0,0.0,0.0,0.0,6200.0,645261.0,0.0,,,6200.0,,,,,0.1098176521795679,0.5423768790683813,High,0.4024098878541243,0.3935256428331594,0.4450971489783601,223000.0,74000.0,13000.0,1199.09561597055,1202.6658960055,1213.62898703376,25.876,25.41046448087432,24.90676712328768,775.78,942.84,1043.92,0.44610413658522163,0.08349289287909303,25.889917384035737,0.4865609007191676,778.5933333333332,162.8582258694148,126000.0,84077.34534344093,0.3478219483140428,0.019604562963088545,0.07831302672249651,-0.6367713004484306,0.4501705273077382,0.2829652252092613,0.32943488956379857,0.20709106550037798,Southeast Asia,0.12965845836259898,-1095166.6666666667,-1603.675084706535,1.0
MMR,Myanmar,2015,0.7914127882677223,73,-0.0763876157043595,37,290.77000000000004,1.8585753424657532,11.953068493150688,-0.0020001826154981,18.46687671232877,678.38,51.8,59.39202739726027,11.7,26.35320547945205,32.81553424657534,40.4,20.862465753424654,9,1.638219178082192,5,4598610942.14029,6.99284029026121,51089056.0,1166.73305546337,18.2,51.6899994587835,-0.0976545446379882,,19.5213448582103,38.1,65.288,,0.4376062305162174,0.7531760637192206,5.19711542,,78.2278679487965,0.213998863083319,,0.6263478155289706,0.800670952631538,26.771778645598,1618000.0,60.5,73.5840283312627,29.7166821191682,,0.6704201416563135,16000.0,,,,,,,,,,,0.0,0.0,7.875133092075234,2.0,6.0,0.0,3.0,119.0,1636903.0,1.0,213.0,0.0,16000.0,644000.0,0.0,,,16000.0,,,,,0.0763876157043595,0.4052529409155997,Moderate,0.5423768790683813,0.4024098878541243,0.3935256428331594,81000.0,223000.0,74000.0,1293.00042298688,1199.09561597055,1202.6658960055,26.38328767123288,25.876,25.41046448087432,617.16,775.78,942.84,0.4500132359460351,0.08000189163889612,26.204164383561643,0.2845964362819344,690.4399999999999,79.99474232723026,640666.6666666666,849368.196563383,-0.2528203974850731,-0.0011401987559582771,-0.09765454463798828,18.97530864197531,0.34308611672765654,0.2094752429659777,0.24659287429812304,0.13356320686032572,Southeast Asia,0.015862796542210733,941043.3333333334,-1696.3596519775733,2.0
MMR,Myanmar,2016,0.9878134668204585,63,-0.0358162261949187,37,299.66,2.062131147540984,11.34398907103825,-0.0004337987249204,18.26631147540984,754.74,55.28,62.5672950819672,10.72,26.23437158469945,32.41614754098361,42.06,21.072158469945357,13,1.5445081967213117,5,4886384703.75254,5.86247291518572,51495696.0,1229.19713515893,,51.5439005791487,0.0535375931992878,,19.5471674990043,,65.64,,0.4321361626169916,0.8052991776573897,4.76220942,,78.8867551089188,0.21260029187682,,0.6254083085147102,0.792792538685626,25.6286228737595,509000.0,55.6,75.5592746825868,29.8129165582094,84.7799987792969,0.6557963734129341,32000.0,,,,,,,,,,,0.0,0.0,6.555721184758427,1.0,5.0,0.0,2.0,6.6,952198.0,2.0,93.0,0.0,32000.0,644000.0,0.0,,,32000.0,,,,,0.0358162261949187,0.4183783948099793,Moderate,0.4052529409155997,0.5423768790683813,0.4024098878541243,1618000.0,81000.0,223000.0,1166.73305546337,1293.00042298688,1199.09561597055,26.35320547945205,26.38328767123288,25.876,678.38,617.16,775.78,0.4553360715979868,0.0756646945993115,26.32362157846146,0.0787426542953172,683.4266666666667,68.92870036010613,736000.0,793245.8635253008,0.03238830016809957,-0.004509276673961282,0.05353759319928786,-0.6854140914709518,0.3507620339625201,0.21564854386549392,0.255061817288584,0.14400736077927015,Southeast Asia,0.0318590497524634,-794716.6666666667,-1767.4187583908702,3.0
MMR,Myanmar,2017,0.97627813482044,64,0.0840405191543712,37,447.25,2.663479452054794,11.166356164383563,-0.0070848767221998,18.29027397260274,972.17,101.22,64.81558904109589,10.28,26.079150684931506,32.16838356164384,40.13,21.002027397260274,9,1.5416164383561646,8,5213962530.80223,6.13610824360305,51894938.0,1272.82241830603,10.3,51.3367756648574,0.0354908760354859,,19.997855227882,30.7,65.909,,0.427455048614732,0.7588953166548571,4.6921258,,79.5020114898506,0.213153737653565,2.16652989387512,0.6139956513838065,0.772302033467657,23.4041280962744,351000.0,69.8,77.5609391468529,29.9051727703437,,0.7368046957342644,57000.0,,,,,,,,,,,0.0,0.0,4.215620176327008,0.0,2.0,0.0,1.0,0.0,199520.0,1.0,3.0,0.0,56967.0,635155.0,0.0,,,57000.0,,,,,-0.0840405191543712,0.4189678718145386,Moderate,0.4183783948099793,0.4052529409155997,0.5423768790683813,509000.0,1618000.0,81000.0,1229.19713515893,1166.73305546337,1293.00042298688,26.23437158469945,26.35320547945205,26.38328767123288,754.74,678.38,617.16,0.41419973584670583,0.007753755569991295,26.22224258302767,0.13742940773753018,801.7633333333333,152.43535165221144,826000.0,690426.6796698981,0.0014089566093082873,-0.005916699748907739,0.03549087603548595,-0.3104125736738703,0.3488530974045775,0.21508459646125702,0.2558685271838913,0.11027037649979518,Southeast Asia,0.057909125238507775,-307833.3333333334,-1944.7413472127498,2.0
MMR,Myanmar,2018,0.8937655714491032,84,-0.0033734017693689,37,317.51,2.224904109589041,11.034219178082193,-0.0010860711262687,17.831835616438358,812.0899999999999,54.6,65.06978082191782,10.69,25.72706849315069,31.738054794520547,39.65,20.703835616438354,15,1.5786027397260276,7,5646407387.45813,6.26886221471075,52272247.0,1298.21310320785,,48.9375237522185,0.0199483325691356,,20.0265052857362,,66.232,,0.4058439870675831,0.8460873398737898,4.53514671,,80.0861758847863,0.211972904091917,1.99249005317688,0.5801705611528164,0.72443284342539,22.0756064041111,298000.0,66.1,79.5886557826298,29.993574050729,95.8142859113662,0.728443278913149,42000.0,,,,,,,,,,,0.0,0.0,5.1912107429499095,1.0,4.0,0.0,3.0,0.0,173095.0,0.0,50.0,0.0,42434.0,401168.0,0.0,,,42000.0,,,,,0.0033734017693689,0.4569588004027155,Moderate,0.4189678718145386,0.4183783948099793,0.4052529409155997,351000.0,509000.0,1618000.0,1272.82241830603,1229.19713515893,1166.73305546337,26.079150684931506,26.23437158469945,26.35320547945205,972.17,754.74,678.38,0.4314350223424111,0.02210620513879478,26.013530254260548,0.25993968024295894,846.3333333333334,112.6872026156182,386000.0,109767.93703081206,0.0906774269435966,-0.013500523695514688,0.01994833256913564,-0.15099715099715094,0.3789606977665083,0.22362432148493167,0.279529834321702,0.12409023350914225,Southeast Asia,0.09881882138983783,-558266.6666666666,-2149.5264481165495,1.0
MMR,Myanmar,2019,1.0899433583989953,123,-0.016577228655526,37,381.02,2.158657534246576,11.8673698630137,-0.0038761620144957,18.938712328767124,787.9100000000001,87.05,60.209890410958906,11.32,26.565753424657533,32.98684931506849,41.23,21.1194794520548,29,1.5573972602739727,9,5824261144.05248,6.57911006765414,52640713.0,1425.98954211903,,49.7566078402761,0.0984248569017272,,19.8857055308718,,66.457,,0.4042775785209813,0.8282736594771529,3.814466,,80.6507017006282,0.208781366620167,1.99976003170013,0.5665108226775191,0.702425162747352,20.8421577754282,270000.0,68.3,81.6416324017497,30.0782436945232,89.0699996948242,0.7497081620087485,80000.0,,,,,,,,,,,0.0,0.0,4.642920555574488,1.0,3.0,0.0,2.0,0.0,8075.0,0.0,128.0,0.0,79652.0,457313.0,0.0,,,80000.0,,,,,0.016577228655526,0.6240690342807943,High,0.4569588004027155,0.4189678718145386,0.4183783948099793,298000.0,351000.0,509000.0,1298.21310320785,1272.82241830603,1229.19713515893,25.72706849315069,26.079150684931506,26.23437158469945,812.0899999999999,972.17,754.74,0.49999856883268284,0.10911433435223462,26.12399086757991,0.42113665842469045,857.39,100.13493096816941,306333.3333333333,41137.979208192526,0.36570087660157835,0.032599319729339715,0.0984248569017272,-0.09395973154362414,0.5070625369375398,0.31051558203969304,0.38235670463160504,0.15619938562356536,Southeast Asia,0.18875165290853396,-638000.0,-2275.044039211327,1.0
MMR,Myanmar,2020,1.0913543635093597,115,-0.0316829247474341,37,375.04,2.0828688524590167,11.784781420765029,-0.0027396782991107,19.290136612021858,762.33,80.64,59.393797814207645,10.49,26.28155737704918,32.696666666666665,40.39,20.91188524590164,7,1.510191256830601,4,7670070785.09329,-9.04834717984643,53016522.0,1490.21683548367,,46.4675606772375,0.0450405079894189,,19.8875388787596,,66.612,,0.3736297170039305,0.8452597787638805,4.27808714,,81.2302112859485,0.207293869635583,,0.5778529640672468,0.711376906349628,22.4186525400503,50000.0,70.4,83.6954599459105,30.1593049968842,93.527395549521,0.7704772997295526,70000.0,,,,,,,,,,,0.0,0.0,5.122006389426356,1.0,2.0,0.0,1.0,0.0,26554.0,0.0,174.0,0.0,70194.0,505378.0,0.0,,,70000.0,,,,,0.0316829247474341,0.4461647407596315,Moderate,0.6240690342807943,0.4569588004027155,0.4189678718145386,270000.0,298000.0,351000.0,1425.98954211903,1298.21310320785,1272.82241830603,26.565753424657533,25.72706849315069,26.079150684931506,787.9100000000001,812.0899999999999,972.17,0.5090641918143805,0.09974323673281367,26.19145976495247,0.4265399024280197,787.4433333333333,24.883282205797233,206000.0,135823.41477079852,-0.2850714964990818,-0.0106978350308925,0.04504050798941894,-0.8148148148148149,0.35874576456692003,0.20732187163292115,0.2737968445290375,0.10240493606461476,Southeast Asia,0.03353851523017243,-1041333.3333333333,-2038.168436382235,1.0
MMR,Myanmar,2021,0.7873261117885281,44,0.0183981688654981,37,443.61,2.33413698630137,11.47468493150685,-0.0014200181134832,18.285315068493148,851.96,70.30999999999999,62.65630136986301,12.57,26.2412602739726,32.482273972602734,40.18,21.00758904109589,9,1.460027397260274,5,9103432838.71698,-12.0163724829177,53387102.0,1242.72134419599,,46.5899395765067,-0.1660801873892076,,19.8875388787596,,65.553,,0.3897744652699801,0.7566033835746611,5.53530645,,81.7980020531049,0.205854964744106,,0.5697705590058306,0.696558038955431,22.7852901568211,158000.0,72.5,85.5310377931068,30.2368812529698,,0.790155188965534,448000.0,,,,,,,,,,,0.0,0.0,3.5208231048757312,0.0,1.0,0.0,1.0,0.0,125000.0,0.0,0.0,0.0,447818.0,649015.0,0.0,,,448000.0,,,,,-0.0183981688654981,0.37413429522742253,Moderate,0.4461647407596315,0.6240690342807943,0.4569588004027155,50000.0,270000.0,298000.0,1490.21683548367,1425.98954211903,1298.21310320785,26.28155737704918,26.565753424657533,25.72706849315069,762.33,787.9100000000001,812.0899999999999,0.4814560234226161,0.12865049327701106,26.362857025226436,0.17686485180969272,800.7333333333335,46.17047360958466,159333.33333333334,110006.06043911268,-0.16144360804838875,-0.001533284443477001,-0.1660801873892076,2.16,0.3130031852090323,0.17430894208144534,0.22995238100176427,0.07851014048351157,Southeast Asia,-0.003962149779262347,-1079566.6666666667,-2414.1227943337053,3.0
MMR,Myanmar,2022,0.9051520533859598,33,0.1140794983523655,37,429.72,2.814191780821917,11.077589041095887,-0.0009943734684358,18.33830136986301,1027.1799999999998,93.62,64.96627397260274,11.09,25.95997260273973,31.986164383561647,39.77,20.908575342465756,15,1.3527945205479452,11,8181951380.6341,4.0374934360085,53756787.0,1158.05005034332,,45.8193782127211,-0.0681337729074335,,19.8875388787596,,66.506,,0.3884287938688303,0.757620818335293,4.49158478,,82.3644215300228,0.204439301775979,,0.5683760835932586,0.690074759264932,22.3343500768495,13000.0,73.7,85.5803784995837,30.311095757938,,0.7964018924979185,1006000.0,,,,,,,,,,,,,,,,,,,,,,,1006395.0,1497518.0,0.0,,,1006000.0,,,,,-0.1140794983523655,0.4291718585698504,Moderate,0.37413429522742253,0.4461647407596315,0.6240690342807943,158000.0,50000.0,270000.0,1242.72134419599,1490.21683548367,1425.98954211903,26.2412602739726,26.28155737704918,26.565753424657533,851.96,762.33,787.9100000000001,0.4164902981856348,0.03765252649193703,26.160930084587168,0.1751967358769471,880.4900000000001,134.71024942445928,73666.66666666667,75341.4449910123,0.1471064375666833,-0.01071928971002456,-0.0681337729074335,-0.9177215189873418,0.36382577391774507,0.19664387706068423,0.2641870585584273,0.08737857819797253,Southeast Asia,0.09913259906947325,-1016500.0,-2645.2320211703845,1.0
MMR,Myanmar,2023,0.9582132559052896,46,0.0191790403480128,37,362.91,2.338054794520548,11.425972602739725,-0.0005714976691846,18.019068493150684,853.3900000000001,68.08,62.76169863013699,12.68,26.616438356164384,32.82057534246575,40.5,21.39460273972603,34,1.45186301369863,7,9337819633.15963,0.958446625126115,54133798.0,1233.19666209269,,45.2453969645892,0.0648906424442465,,19.9140944121838,,66.889,,0.3790925464813791,0.7614977290158291,4.45748425,,82.9420656687147,0.203335668411812,,0.5796650077921004,0.698879396261223,22.7222309725462,995000.0,76.8,85.6324592259364,30.3820718069466,,0.8121622961296819,1298000.0,,,,,,,,,,,0.0,0.0,8.663501743065494,1.0,5.0,0.0,2.0,2240.0,1276747.0,2.0,205.0,0.0,1297900.0,2625000.0,0.0,,,1298000.0,,,,,-0.0191790403480128,0.5356286113570369,High,0.4291718585698504,0.37413429522742253,0.4461647407596315,13000.0,158000.0,50000.0,1158.05005034332,1242.72134419599,1490.21683548367,25.95997260273973,26.2412602739726,26.28155737704918,1027.1799999999998,851.96,762.33,0.4463115883847699,0.08210012965360826,26.272557077625567,0.3293500247366251,910.8433333333334,100.75304577695597,388666.6666666667,530081.4402837866,0.24805156876300627,0.025287613491370653,0.06489064244424658,75.53846153846153,0.44878115315584716,0.24234729146440803,0.330233809045115,0.10061124848455277,Southeast Asia,0.15438967770871137,337700.0,-2746.252382051487,1.0
NPL,Nepal,2008,1.2254215286274202,75,-0.1362320827325942,37,398.36,2.8527049180327877,9.333770491803278,0.0180907571725518,16.28945355191257,1044.09,99.29,69.70101092896175,-16.15,5.078497267759563,10.258934426229509,16.96,0.92516393442623,6,1.6702185792349726,5,2457914115.29929,6.10463914373472,26990037.0,464.817391891529,,31.3499313906899,,,28.9640739448901,,66.442,,0.2943399993121092,0.6750401937841953,3.81756353,,188.28069061737,0.0822525734218149,3.8051700592041,1.4112401419220582,0.749540559520267,30.3057163664183,250000.0,56.0,84.5508362701857,56.9108061152324,55.5600725155626,0.7027541813509286,,,,,,,,,,,,0.0,0.0,5.638781972513035,0.0,2.0,0.0,2.0,0.029,250003.0,0.0,115.0,0.0,,,,,,,,,,,0.1362320827325942,0.33496976281672497,Moderate,,,,,,,,,,,,,,,,0.33496976281672497,,5.078497267759563,,1044.09,,250000.0,,,,,,0.3144982951584141,0.10501279082259997,0.24442532687220148,0.0995683613711427,South Asia,-0.09763743230679994,-1015066.6666666667,-450.64265320026215,5.0
NPL,Nepal,2009,1.314011530737466,79,-0.2527055038994095,37,314.25000000000006,1.8970958904109587,10.130356164383564,0.0064460654997371,16.945534246575342,692.4399999999999,99.79,65.01832876712328,-10.81,5.518520547945206,11.227506849315068,18.48,1.0971506849315067,14,1.7298630136986302,4,2819466153.51634,4.5330787246486,27173035.0,473.078751198621,,30.5384229672224,0.0177733437930822,,28.8803627485176,,66.6,,0.2863891529520448,0.723974188119022,3.90179515,,189.557272410185,0.0809626160640503,4.6637601852417,1.2808997883521558,0.675732337813135,31.3226520633995,18000.0,59.3,85.158729874995,59.8638612146309,,0.722293649374975,5000.0,,,,,,,,,,,0.0,1.0,7.19783373791455,1.0,5.0,1.0,2.0,60.0,560786.0,0.0,145.0,0.0,5000.0,60000.0,0.0,,,5000.0,,,,,0.2527055038994095,0.3962253908912151,Moderate,0.33496976281672497,,,250000.0,,,464.817391891529,,,5.078497267759563,,,1044.09,,,0.36559757685397004,0.04331426999731304,5.298508907852384,0.3111434452992168,868.2649999999999,248.65409960424938,134000.0,164048.77323527902,0.18286912693073587,0.08664438651549466,0.017773343793082264,-0.928,0.3715799411031242,0.12100098577388957,0.2894938245416366,0.11003430732937337,South Asia,-0.03626310309410691,-1171833.3333333333,-475.21143979976654,5.0
NPL,Nepal,2010,1.448683480058609,72,-0.2221309937400704,37,372.35,2.147945205479452,10.090383561643836,0.008345708412405,16.94539726027397,784.0,102.35,65.2805205479452,-12.31,5.8400273972602745,11.46972602739726,18.66,1.3793424657534246,6,1.7745205479452055,5,3002724838.43341,4.81641464694573,27341952.0,585.278491984574,22.1,29.7839811815277,0.2371692672766996,,28.782699686083,32.8,66.772,,0.27492024959964,0.7327235286366865,4.36131525,,190.73562608999,0.0797309570289641,3.63172006607056,1.1820086414904234,0.619710468212554,33.1793784908122,,68.6,85.7617588960131,62.0156581578338,,0.7718087944800656,,,,,,,,,,,,0.0,0.0,4.703108478581007,0.0,2.0,0.0,2.0,0.0,8000.0,0.0,150.0,0.0,0.0,50000.0,0.0,,,,,,,,0.2221309937400704,0.34736438985172496,Moderate,0.3962253908912151,0.33496976281672497,,18000.0,250000.0,,473.078751198621,464.817391891529,,5.518520547945206,5.078497267759563,,692.4399999999999,1044.09,,0.3595198478532217,0.032386407057895125,5.479015070988347,0.38229902768191076,840.1766666666666,182.43161467611176,134000.0,164048.77323527902,-0.1233161785255329,0.058259608987916156,0.23716926727669962,,0.3206337802123355,0.10345894450476628,0.25409256710182004,0.07926549887496159,South Asia,-0.07026545740973622,,-589.133456636135,5.0
NPL,Nepal,2011,1.302227798224915,84,-0.1961379851030787,37,355.30999999999995,2.3612054794520554,9.357917808219176,0.0158934734701633,15.95794520547945,861.8400000000001,98.77,70.38504109589041,-13.78,5.119671232876712,10.333589041095893,18.06,0.9756712328767124,7,1.6891506849315068,3,3702502162.26324,3.42180870116162,27464494.0,785.518656222132,,29.269951956362,0.3421280074013648,,28.7868852459016,,67.123,,0.2624694241440606,0.7110436793161277,4.45220184,,191.59047087548,0.0787453065765566,3.8426399230957,0.8567575648394158,0.447181720951167,30.805485476422,46000.0,67.3,86.3599023849968,63.139949798584,59.6300010681152,0.768299511924984,,,,,,,,,,,,0.0,2.0,5.1625015725328325,2.0,6.0,0.0,2.0,0.123,26858.0,0.0,175.0,0.0,0.0,50000.0,0.0,,,,,,,,0.1961379851030787,0.3461003081340418,Moderate,0.34736438985172496,0.3962253908912151,0.33496976281672497,,18000.0,250000.0,585.278491984574,473.078751198621,464.817391891529,5.8400273972602745,5.518520547945206,5.078497267759563,784.0,692.4399999999999,1044.09,0.3632300296256606,0.028581810202130045,5.492739726027398,0.360869420948101,779.4266666666667,84.79254998720904,32000.0,19798.98987322333,-0.00363906535791636,-0.1233480796205686,0.34212800740136484,,0.31035496302643956,0.10130339391165488,0.25338217780239786,0.08019161031757091,South Asia,-0.06278900571666174,-443500.0,-553.0987006582288,5.0
NPL,Nepal,2012,1.3883371689324906,40,-0.172574152526965,37,416.1500000000001,2.5545355191256838,10.08308743169399,0.0158113570069713,16.692185792349726,934.96,145.15,66.44325136612022,-17.2,4.696311475409836,10.249945355191258,19.68,0.1668579234972678,11,1.7600273224043714,5,4417738496.0606,4.67014192446953,27534915.0,788.202937148377,,28.5759750511217,0.0034172083692509,,28.5151398674573,,67.364,,0.2561455432703043,0.7463299441993234,4.49078751,,192.081723055459,0.0773589713278578,3.29737997055054,0.4918814458963638,0.256079255262795,30.0760569589773,600.0,75.2,86.9532837280701,63.6558406194333,,0.8107664186403505,,,,,,,,,,,,0.0,0.0,2.517798714473725,1.0,2.0,0.0,1.0,1.0,5.0,0.0,83.0,0.0,0.0,50000.0,0.0,,,,,,,,0.172574152526965,0.35411842073811306,Moderate,0.3461003081340418,0.34736438985172496,0.3962253908912151,46000.0,,18000.0,785.518656222132,585.278491984574,473.078751198621,5.119671232876712,5.8400273972602745,5.518520547945206,861.8400000000001,784.0,692.4399999999999,0.3491943729079599,0.004310935040390865,5.218670035182274,0.5782491674157445,860.2666666666668,75.49229717880709,23300.0,32102.647865869258,0.02316701954788747,-0.08269276252510327,0.003417208369250968,-0.9869565217391304,0.3174199833941473,0.10119279156154935,0.25937783471924547,0.06701109698169631,South Asia,-0.08892275819433071,-1962333.3333333333,-588.590976543848,5.0
NPL,Nepal,2013,1.0057856659655628,58,-0.0407142191729479,37,506.61,3.6363835616438354,9.6766301369863,0.0152584626242834,15.757068493150683,1327.28,114.16,72.09860273972602,-16.69,4.954273972602739,10.242821917808218,19.01,0.5661917808219175,8,1.6753972602739726,6,5434181403.11911,3.52515317129149,27589996.0,803.269595420477,,27.9683472046076,0.0191152018877389,,28.2957244506453,,67.598,,0.2501449245727576,0.7479578851981143,4.63012981,,192.465964422742,0.0760219573790442,3.01811003684998,0.3846254305782963,0.199840751964584,28.6226575274714,12000.0,77.4,87.5415795968781,64.1314570156048,,0.8247078979843905,,,,,,,,,,,,0.0,1.0,5.119671799432652,0.0,3.0,0.0,2.0,0.0,16823.0,0.0,244.0,0.0,0.0,50000.0,0.0,,,,,,,,0.0407142191729479,0.34234327013060434,Moderate,0.35411842073811306,0.3461003081340418,0.34736438985172496,600.0,46000.0,,788.202937148377,785.518656222132,585.278491984574,4.696311475409836,5.119671232876712,5.8400273972602745,934.96,861.8400000000001,784.0,0.3475206663342531,0.006014699162888909,4.923418893629762,0.21335978530272479,1041.36,250.29845864487447,19533.333333333332,23618.918970463772,-0.033252013783877654,0.05492874536614756,0.019115201887738964,19.0,0.3061869579147078,0.09574775442173512,0.25084771783255005,0.060010071432091264,South Asia,-0.08335639478078682,-665166.6666666666,-662.7853202971661,5.0
NPL,Nepal,2014,1.1185001749249144,45,-0.0015176704343805,37,566.7600000000001,3.9579726027397264,9.106712328767124,0.0141304861767471,16.314821917808217,1444.66,114.13,72.86087671232877,-15.62,4.9886849315068496,9.981890410958904,18.27,0.8751780821917813,8,1.64613698630137,8,6216255070.07087,6.01148284250441,27672370.0,821.455224911731,,27.0330541292969,0.0226395093190781,,28.1675388908266,,67.812,,0.2411334213024981,0.7496393764947151,5.07549381,,193.040599930241,0.0746166013247149,3.47214007377625,0.5754924845521286,0.298119921280857,27.4618953626735,74000.0,84.9,88.1248062062868,64.5640847098488,,0.8651240310314341,,,,,,,,,,,,0.0,0.0,7.016001365152741,2.0,6.0,0.0,3.0,15.0,187945.0,1.0,573.0,0.0,0.0,50000.0,0.0,,,,,,,,0.0015176704343805,0.3348734467105463,Moderate,0.34234327013060434,0.35411842073811306,0.3461003081340418,12000.0,600.0,46000.0,803.269595420477,788.202937148377,785.518656222132,4.954273972602739,4.696311475409836,5.119671232876712,1327.28,934.96,861.8400000000001,0.3437783791930879,0.009702417732005988,4.879756793173141,0.15979726837507424,1235.6333333333332,266.9229404403699,28866.666666666668,39500.042194070294,-0.02181968822465319,0.006945711741902727,0.0226395093190781,5.166666666666667,0.2987053535366631,0.0905265201139042,0.24551251728920906,0.045166380606928354,South Asia,-0.11382437880701107,-756166.6666666666,-734.130325659524,6.0
NPL,Nepal,2015,1.061510446503214,63,0.1211476917536012,37,704.5899999999999,4.964383561643835,9.19068493150685,0.017886237947994,15.951671232876713,1812.0,183.04,77.61342465753425,-14.92,4.563397260273973,9.489808219178082,18.14,0.2991232876712327,5,1.5226301369863011,4,8145463907.87798,3.97605327162971,27823629.0,875.543635474862,,26.3365108741251,0.0658446241777122,,27.9640516219044,,67.374,,0.2330473538320929,0.750362085224004,5.46615553,,194.095772584583,0.0730383121482823,3.25901007652283,1.0580512359393162,0.545118124856758,26.518508431071,2623000.0,82.0,88.7026979901049,64.9510094249155,,0.8535134899505245,,,,,,,,,,,,0.0,0.0,2.759137270603837,2.0,2.0,0.0,0.0,0.0,36.0,0.0,65.0,0.0,0.0,50000.0,0.0,,,,,,,,-0.1211476917536012,0.33101433902656796,Moderate,0.3348734467105463,0.34234327013060434,0.35411842073811306,74000.0,12000.0,600.0,821.455224911731,803.269595420477,788.202937148377,4.9886849315068496,4.954273972602739,4.696311475409836,1444.66,1327.28,934.96,0.33607701862257294,0.005759566737226257,4.83545205479452,0.2362337548687491,1527.9799999999998,252.87355812737675,903000.0,1489886.237267799,-0.011524077892368756,-0.08525045719903113,0.0658446241777122,34.445945945945944,0.29290901957104293,0.0871776273926454,0.2429330399512338,0.048489135300335856,South Asia,-0.0627959979561899,1298333.3333333333,-739.0703707240534,5.0
NPL,Nepal,2016,1.1378100841709704,74,0.0770082503694804,37,614.62,4.60224043715847,8.813715846994535,0.0160846406090618,16.452841530054645,1684.42,189.34,72.13005464480874,-10.74,5.67568306010929,10.610792349726776,18.03,1.7970765027322402,5,1.595792349726776,3,8734510298.83136,0.433113719381524,27955462.0,877.256454696737,,26.0984451264464,0.0019562922423004,,27.7312179979072,,68.444,,0.2308819758238625,0.7397404725688059,5.42378998,,195.015430763865,0.0715267592429701,3.90320992469788,0.9218334933273772,0.472697719209503,25.5178753726064,31000.0,90.7,89.2751913988418,65.2895168835553,65.5,0.899875956994209,,,,,,,,,,,,0.0,0.0,5.877240613904922,0.0,3.0,0.0,2.0,15.0,20574.0,0.0,174.0,1.0,,50000.0,0.0,,,,,,,,-0.0770082503694804,0.3372931652508062,Moderate,0.33101433902656796,0.3348734467105463,0.34234327013060434,2623000.0,74000.0,12000.0,875.543635474862,821.455224911731,803.269595420477,4.563397260273973,4.9886849315068496,4.954273972602739,1812.0,1444.66,1327.28,0.3343936503293068,0.0031667914541585233,5.075921750630037,0.5612509439518762,1647.0266666666666,186.50298907345436,909333.3333333334,1484234.5951140383,0.01896844179833046,0.24374073445635958,0.001956292242300428,-0.9881814715974075,0.2983890881149756,0.08802827164823585,0.2477618539299024,0.0337711553831311,South Asia,-0.08655416041493397,-563233.3333333334,-844.4126976144022,5.0
NPL,Nepal,2017,0.9627978963899309,62,0.0749553371190296,37,611.0500000000001,4.5853972602739725,8.742767123287672,0.017696927370855,16.38578082191781,1673.67,186.21,75.55824657534245,-12.11,5.205178082191781,10.007643835616438,17.56,1.264876712328767,7,1.5977534246575344,6,9435255966.98232,8.97727935643466,28011258.0,1034.28374906846,,25.4358134676363,0.1789981635712292,,27.5400788280433,,68.74,,0.2197684711995321,0.7516535575485153,4.72174025,,195.404659923265,0.0702194953186322,4.76723003387451,0.3896173303423515,0.199389989212823,23.6995484588973,384000.0,86.6,89.8420840030234,65.5768928085184,66.8653947551556,0.8822104200151171,2.0,,,,,,,,,,,0.0,0.0,8.340632351000494,1.0,3.0,0.0,2.0,595.0,1713634.0,0.0,198.0,0.0,2.0,2.0,0.0,,,2.0,,,,,-0.0749553371190296,0.35115310149980766,Moderate,0.3372931652508062,0.33101433902656796,0.3348734467105463,31000.0,2623000.0,74000.0,877.256454696737,875.543635474862,821.455224911731,5.67568306010929,4.563397260273973,4.9886849315068496,1684.42,1812.0,1444.66,0.33982020192572726,0.01030445895016747,5.148086134191682,0.5583364066793941,1723.3633333333335,76.9495590197436,1012666.6666666666,1405714.1719899294,0.04109166054015767,-0.08289838825292861,0.17899816357122922,11.387096774193548,0.3034004804752106,0.08931864788331066,0.25803974424987053,0.04136217633605131,South Asia,-0.07496523868518956,-89300.0,-838.893468007918,6.0
NPL,Nepal,2018,1.1798420182797087,88,-0.0321456091829015,37,508.81000000000006,3.7066849315068495,8.928246575342465,0.0070967763429025,16.032602739726027,1352.94,104.7,74.48917808219178,-14.86,4.961068493150685,9.949260273972602,16.9,1.0210136986301372,5,1.6110958904109591,4,8335473017.41812,7.62237610397933,28079689.0,1179.19843190389,,24.5065585520617,0.1401111474157348,,26.9733247296826,,69.036,,0.2070702551525519,0.7681310949452105,4.52845383,,195.882029996512,0.0688864146607892,4.43446016311646,0.4779527022454149,0.244000280298262,22.3346720502565,12000.0,93.9,90.4032337065468,65.8104229225551,,0.921516168532734,,,,,,,,,,,,0.0,1.0,3.850626413944887,0.0,2.0,0.0,1.0,0.0,1406.0,0.0,65.0,0.0,,,,,,,,,,,0.0321456091829015,0.33452607843350274,Moderate,0.35115310149980766,0.3372931652508062,0.33101433902656796,384000.0,31000.0,2623000.0,1034.28374906846,877.256454696737,875.543635474862,5.205178082191781,5.67568306010929,4.563397260273973,1673.67,1684.42,1812.0,0.34099078172803887,0.008908914059602495,5.280643211817252,0.36323509490328887,1570.3433333333335,188.3535177089428,142333.33333333334,209504.97209692447,-0.047349782745159774,-0.04689745195774486,0.14011114741573483,-0.96875,0.2826606611011908,0.0819808292832222,0.24593463644977404,0.02625488836118044,South Asia,-0.10045363733433899,-540483.3333333334,-742.4570743695072,6.0
NPL,Nepal,2019,0.8180128397244193,37,0.0999031489801505,37,516.26,4.790082191780822,9.175534246575342,0.018285361393603,15.97276712328767,1748.38,105.25,77.2251506849315,-23.42,4.486794520547945,9.394164383561645,16.99,0.2186301369863009,6,1.5995890410958904,3,8713166195.10835,6.65705543110468,28414064.0,1203.14294706401,,23.7731934205369,0.0203057555982839,,26.7748852459016,,69.299,,0.2001251881304248,0.7656593029170624,4.44524717,,198.214607603767,0.0669274835166135,3.89212886881753,2.346411058490589,1.18377302604311,21.583372760027,121000.0,89.9,90.9584624626018,65.9873929484157,68.7099990844727,0.904292312313009,,,,,,,,,,,,0.0,0.0,7.041750029554823,0.0,2.0,0.0,1.0,204.0,97395.0,1.0,147.0,0.0,,,,,,,,,,,-0.0999031489801505,0.2618521428635962,Moderate,0.33452607843350274,0.35115310149980766,0.3372931652508062,12000.0,384000.0,31000.0,1179.19843190389,1034.28374906846,877.256454696737,4.961068493150685,5.205178082191781,5.67568306010929,1352.94,1673.67,1684.42,0.31584377426563554,0.047491437860967274,4.884347031963471,0.3652853300709546,1591.6633333333336,210.08812063830027,172333.33333333334,191238.94303549445,-0.21724445493224143,-0.0955991583783874,0.02030575559828396,9.083333333333334,0.22042982794083785,0.06225061639878333,0.19293590829618396,0.025061263109358415,South Asia,-0.17854177688438655,-1466833.3333333333,-687.4133345115249,6.0
NPL,Nepal,2020,1.1133919295494663,66,0.021401187103064,36,620.27,4.146010928961749,8.82568306010929,0.0239321205861278,15.71016393442623,1517.44,192.62,79.5836612021858,-18.7,4.498524590163935,9.332377049180328,18.36,0.5066939890710387,5,1.586530054644809,4,11467799301.6084,-2.3696206292072,28966574.0,1154.21517578318,,24.9527582140169,-0.0406666318414007,,26.5011008022323,,69.106,,0.2116601075269165,0.7675888502141389,5.2080965,,202.068880362749,0.0645245274777749,4.24355670934502,3.8915052728625854,1.92583106605859,22.1800901927916,48000.0,89.9,91.5076217588488,66.1050886088505,,0.907038108794244,,,,,,,,,,,,0.0,0.0,7.33005751811615,0.0,1.0,0.0,1.0,100.0,117677.0,0.0,448.0,0.0,,,,,,,,,,,-0.021401187103064,0.3171778930627223,Moderate,0.2618521428635962,0.33452607843350274,0.35115310149980766,121000.0,12000.0,384000.0,1203.14294706401,1179.19843190389,1034.28374906846,4.486794520547945,4.961068493150685,5.205178082191781,1748.38,1352.94,1673.67,0.3045187047866071,0.0379547956609218,4.648795867954188,0.27049961731697797,1539.5866666666668,198.64806702641997,60333.333333333336,55536.77460325831,0.21128622280531184,0.002614354092274729,-0.040666631841400736,-0.6033057851239669,0.26904403262764365,0.07914463276425418,0.23454646672404814,0.029485456787767716,South Asia,-0.1371293037374991,-1492666.6666666667,-670.267201431785,6.0
NPL,Nepal,2021,1.0842514442406823,45,0.3418211222221207,36,952.78,6.774904109589041,8.735369863013698,0.0116223190687596,15.334493150684931,2472.84,236.02,73.67879452054794,-17.86,5.356575342465754,10.166,17.1,1.4306301369863017,7,1.5895616438356166,5,9638842483.90472,4.838149614115,29475010.0,1252.75076731986,,24.9920844414884,0.0853702096490107,,26.3199051273108,,68.385,,0.208755840473427,0.767903773280328,5.53498316,,205.61569584932,0.0623045522291596,4.42801034633091,3.577762697190392,1.74002411752275,22.0214522788058,32000.0,89.9,92.0505329995059,66.144235274522,,0.9097526649975296,,,,,,,,,,,,0.0,0.0,4.695604681318369,0.0,4.0,0.0,4.0,0.0,3941.0,0.0,251.0,0.0,,,,,,,,,,,-0.3418211222221207,0.3079012887707984,Moderate,0.3171778930627223,0.2618521428635962,0.33452607843350274,48000.0,121000.0,12000.0,1154.21517578318,1203.14294706401,1179.19843190389,4.498524590163935,4.486794520547945,4.961068493150685,1517.44,1748.38,1352.94,0.295643774899039,0.029629708798962304,4.780631484392544,0.4988164936852911,1912.8866666666665,498.4918480109107,67000.0,47444.70465710354,-0.02924732301595001,0.190740482819179,0.08537020964901076,-0.33333333333333337,0.25718620017743277,0.076950950086029,0.2284285746277811,0.02778727075539062,South Asia,-0.10242560500777781,-843000.0,-711.247838107287,6.0
NPL,Nepal,2022,0.9883678175114354,82,0.2329102824616526,37,848.34,5.881342465753424,8.834520547945205,0.0188763372266628,15.510794520547948,2146.69,240.45,77.43668493150685,-21.04,5.127369863013699,9.972520547945203,17.58,1.138,6,1.5485205479452055,3,9319150273.48101,5.6313145568451,29715436.0,1385.91066002922,2.4,24.3207154496029,0.1062940021136389,,26.1213812347401,30.0,70.087,,0.1988899266713755,0.7783517647978565,6.52950287,,207.292891524241,0.0607024578067776,4.13645081690396,1.684017546929208,0.81238557412485,20.9143699815129,93000.0,91.3,92.5870336093326,66.2992968721053,,0.9194351680466628,,,,,,,,,,,,0.0,0.0,4.761517804192943,1.0,4.0,0.0,2.0,0.0,7105.0,1.0,190.0,0.0,,,,,,,,,,,-0.2329102824616526,0.3663494702478262,Moderate,0.3079012887707984,0.3171778930627223,0.2618521428635962,32000.0,48000.0,121000.0,1252.75076731986,1154.21517578318,1203.14294706401,5.356575342465754,4.498524590163935,4.486794520547945,2472.84,1517.44,1748.38,0.33047621736044897,0.0314114875696539,4.994156598547796,0.44426580304326413,2045.6566666666665,485.6470846544153,57666.666666666664,31628.04662531529,0.18982766103501625,-0.042789555788558475,0.10629400211363893,1.90625,0.2995932394533119,0.08909881221010145,0.27220282988147515,0.02951488350671022,South Asia,-0.06623390722030931,-1994166.6666666667,-550.8557592246007,5.0
NPL,Nepal,2023,1.141671587462871,56,0.0855876263662267,37,675.2099999999999,4.672630136986302,8.85041095890411,0.0161565705796561,15.728520547945203,1705.5100000000002,153.61,77.11901369863014,-10.73,5.160410958904111,10.014438356164383,18.51,1.164027397260274,4,1.565917808219178,4,12456122668.8948,1.98254843461849,29694614.0,1382.38300895424,,23.9506972536467,-0.0025453668672305,,26.1185908615277,,70.354,,0.1959750795709812,0.7792914610855626,6.15843678,,207.147638646669,0.060745022649562,3.95641148036706,-0.1452019753730888,-0.0700958873206174,21.2987131119062,110000.0,94.0,93.1169638221139,66.5432933453944,,0.9355848191105696,,,,,,,,,,,,0.0,0.0,3.639730024645639,0.0,1.0,0.0,1.0,0.0,1506.0,0.0,36.0,0.0,,,,,,,,,,,-0.0855876263662267,0.30907992730691797,Moderate,0.3663494702478262,0.3079012887707984,0.3171778930627223,93000.0,32000.0,48000.0,1385.91066002922,1252.75076731986,1154.21517578318,5.127369863013699,5.356575342465754,4.498524590163935,2146.69,2472.84,1517.44,0.32777689544184757,0.03341002757514307,5.214785388127854,0.12390004789251918,2108.346666666667,385.0993256723941,78333.33333333333,41016.256939573526,-0.15632489628596113,0.006444063286472623,-0.002545366867230503,0.18279569892473124,0.25290271388046437,0.07402679766107123,0.22962074431232685,0.01990943942676713,South Asia,-0.11222791682150057,-489333.3333333334,-610.5080578126654,6.0
PAK,Pakistan,2008,1.4162487360632197,91,-0.0614493088058962,37,138.54000000000002,0.5319398907103825,16.01363387978142,0.0192497296926849,20.074016393442623,194.69,33.75,32.19540983606557,-6.12,19.448114754098363,27.94284153005465,40.47,11.929207650273224,8,2.20344262295082,5,9024013987.18211,2.1204410433083,189499113.0,1067.04324565284,,44.0483910681028,,,45.8086861768369,,64.002,,0.3786861020395584,0.6970373667968899,2.56806731,,245.821804950187,0.155462469104011,2.27265000343323,6.581035489643435,2.67715693120755,20.351365282755,89000.0,81.4,88.4820319386941,34.4460387735948,55.5299987792969,0.8494101596934706,,,,,,,,,,,,0.0,0.0,6.939725187208886,0.0,3.0,0.0,3.0,103.0,290764.0,0.0,83.0,0.0,,,,,,,,,,,0.0614493088058962,0.4172969718486846,Moderate,,,,,,,,,,,,,,,,0.4172969718486846,,19.448114754098363,,194.69,,89000.0,,,,,,0.35875218102284234,0.18381260207525946,0.3199140602818251,0.06284068435109172,South Asia,-0.015310223274840329,-1176066.6666666667,151.58320056104878,4.0
PAK,Pakistan,2009,1.270588872190879,94,-0.098316543615708,37,101.84,0.3524109589041095,16.0733698630137,0.0112367067022355,20.47794520547945,128.63,31.49,31.434246575342467,-3.7,19.57191780821918,27.98772602739726,41.25,11.91435616438356,12,2.2795616438356165,5,13606125133.5603,3.47255059567348,194376534.0,963.788066395225,,42.6138833281505,-0.0967675674610931,,45.7619863013699,,64.206,,0.3721388455179241,0.6918491408980826,2.49995875,,252.148886986301,0.151355718689788,2.17916989326477,6.407817074774584,2.5412831091032,21.7869229749534,84000.0,82.5,88.6492343131649,34.6280259603331,54.8899993896484,0.8557461715658244,3000000.0,,,,,,,,,,,0.0,0.0,5.221788438213258,0.0,3.0,0.0,3.0,0.0,75080.0,0.0,102.0,0.0,3000000.0,1230000.0,0.0,,,3000000.0,,,,,0.098316543615708,0.4485509355990954,Moderate,0.4172969718486846,,,89000.0,,,1067.04324565284,,,19.448114754098363,,,194.69,,,0.43292395372389003,0.022099889706874026,19.51001628115877,0.08754197910043598,161.66,46.71147396518333,86500.0,3535.5339059327375,0.07489621506705735,0.006365812608891908,-0.09676756746109316,-0.0561797752808989,0.3917109033326787,0.191144972363526,0.3454544430400567,0.06470518970790085,South Asia,0.016062441613773404,-1105833.3333333333,15.497875396837458,3.0
PAK,Pakistan,2010,1.468687961080445,107,-0.066776205324127,37,151.75,0.506,15.816,0.0038914375541368,19.878,184.69,30.45,31.32890410958904,-4.31,19.89038356164384,28.28235616438356,42.0,12.466356164383562,7,2.17572602739726,6,17255570039.5703,1.50171752152883,199239047.0,987.304571124485,26.7,42.6724150953953,0.0244000787613161,,45.7165836446658,28.8,64.378,,0.3713305784485821,0.6950501285893771,2.42967653,,258.456630085098,0.147511245624458,2.05268001556396,6.385990393520888,2.47081701538021,22.6888101741789,11060000.0,87.1,88.8147345072875,34.8159187475539,55.3800010681152,0.8795736725364375,400000.0,,,,,,,,,,,0.0,0.0,10.87622145299631,2.0,7.0,0.0,4.0,9598.0,20397901.0,1.0,2186.0,0.0,400000.0,980000.0,0.0,,,400000.0,,,,,0.066776205324127,0.4410212733719464,Moderate,0.4485509355990954,0.4172969718486846,,84000.0,89000.0,,963.788066395225,1067.04324565284,,19.57191780821918,19.448114754098363,,128.63,194.69,,0.4356230602732421,0.016311287227630592,19.636805374653793,0.22816270891686094,169.33666666666667,35.60582162137722,3744333.3333333335,6335553.672200507,-0.016786638104081097,0.016271566054243403,0.024400078761316113,130.66666666666666,0.3837717743025205,0.18819442843227502,0.3411660044968955,0.053110572285487344,South Asia,0.023391426110485225,8409600.0,-187.10737749622388,3.0
PAK,Pakistan,2011,0.9289868163084988,59,-0.1000719102848077,37,92.32,0.3438630136986301,15.56227397260274,0.0144428993418438,19.94084931506849,125.51,22.07,33.536849315068494,-4.08,19.7713698630137,28.03139726027397,41.68,12.469123287671232,7,2.2161917808219176,6,17697925812.3776,2.68011685421705,203746065.0,1131.73513834324,25.9,42.8185933880648,0.146287752982098,,46.6168534661685,29.7,64.659,,0.3644714453852495,0.6992183930381319,2.23121333,,264.303218399751,0.147732914498251,2.00100994110107,5.912223545731784,2.23690940334662,23.819642978628,300000.0,87.8,88.978515573403,35.0113675889897,54.7400016784668,0.883892577867015,190000.0,,,,,,,,,,,0.0,0.0,9.491712920071258,0.0,1.0,0.0,1.0,2500.0,5400755.0,0.0,509.0,0.0,190000.0,900000.0,0.0,,,190000.0,,,,,0.1000719102848077,0.3791106626218478,Moderate,0.4410212733719464,0.4485509355990954,0.4172969718486846,11060000.0,84000.0,89000.0,987.304571124485,963.788066395225,1067.04324565284,19.89038356164384,19.57191780821918,19.448114754098363,184.69,128.63,194.69,0.4228942905309632,0.0381041796654467,19.744557077625572,0.16091706907996953,146.27666666666667,33.30347929771504,3814666.6666666665,6275572.112033558,-0.14038010066213913,-0.005983479316087448,0.14628775298209806,-0.972875226039783,0.32269862280263345,0.16232985311884715,0.29444878906091754,0.04401756174015053,South Asia,-0.029778651228855757,-189500.0,-206.88221853712093,3.0
PAK,Pakistan,2012,1.2102913433559994,90,-0.0949401928561591,37,98.29,0.3688524590163934,15.82693989071038,0.0171366626056829,20.13948087431694,135.0,24.89,31.023169398907104,-5.49,18.647322404371582,26.97319672131148,41.68,11.146256830601097,9,2.3048633879781417,8,13688479776.3039,3.02758391088629,207667125.0,1204.36475491585,,42.5867801683668,0.06417545423122,,46.781600249066,,64.883,,0.3584314840048359,0.7091184133686627,2.22185278,,269.389691002491,0.145617656140807,1.97880005836487,5.13510578571803,1.90619981284679,23.3861955340345,1857000.0,88.6,89.1405658210321,35.2160229383731,56.7599983215332,0.8887028291051604,412000.0,,,,,,,,,,,0.0,0.0,9.581940318326977,2.0,5.0,0.0,3.0,2500.0,5050564.0,0.0,671.0,0.0,412000.0,758000.0,0.0,,,412000.0,,,,,0.0949401928561591,0.44223877741828577,Moderate,0.3791106626218478,0.4410212733719464,0.4485509355990954,300000.0,11060000.0,84000.0,1131.73513834324,987.304571124485,963.788066395225,19.7713698630137,19.89038356164384,19.57191780821918,125.51,184.69,128.63,0.42079023780402663,0.03610070386503411,19.436358609676372,0.6859115577658278,148.4,31.784242951500367,4405666.666666667,5815167.7820449285,0.16651632628810153,-0.056852280162179025,0.06417545423122006,5.19,0.372210109916369,0.1883352559583983,0.34464812529411337,0.04921992478664788,South Asia,-0.0008024015141580021,-105933.33333333326,-172.42915877637506,3.0
PAK,Pakistan,2013,1.0481120222470648,67,-0.0756486836483908,36,116.6,0.4627945205479452,15.647780821917808,0.0147827887360786,20.105534246575345,168.92,20.51,33.76824657534247,-5.84,19.281589041095888,27.52493150684932,40.87,11.877150684931506,10,2.104246575342465,4,7651260101.72058,4.36686504978387,211073978.0,1225.4340119198,21.2,42.2365644535977,0.0174940830159233,,47.063096720631,29.5,65.129,,0.3543138598014296,0.7068717433449482,2.4164784,,273.809124636779,0.144356970426738,2.23698997497559,4.45548819647142,1.62722414834854,23.7075945934908,407000.0,89.3,89.3007289268109,35.4315352494366,55.5900001525879,0.8930036446340546,140000.0,,,,,,,,,,,0.0,0.0,8.697899573156679,0.0,2.0,0.0,2.0,1500.0,1497782.0,0.0,268.0,0.0,140000.0,746700.0,0.0,,,140000.0,,,,,0.0756486836483908,0.36553402999997237,Moderate,0.44223877741828577,0.3791106626218478,0.4410212733719464,1857000.0,300000.0,11060000.0,1204.36475491585,1131.73513834324,987.304571124485,18.647322404371582,19.7713698630137,19.89038356164384,135.0,125.51,184.69,0.39562782334670193,0.040933079751404165,19.233427102827054,0.5635692961325217,143.14333333333332,22.821972599522027,854666.6666666666,869693.2409380503,-0.1734464532172022,0.03401381833649264,0.017494083015923367,-0.78082929456112,0.30663898622803315,0.1543890161807715,0.285694877153084,0.0391108089722232,South Asia,-0.0601656349114188,-270166.6666666666,-240.62090379784308,4.0
PAK,Pakistan,2014,0.7809979967040196,57,-0.1299131436595037,36,53.22,0.1985479452054794,15.938493150684934,0.0174912973844031,20.229041095890413,72.47,9.39,29.79879452054795,-4.65,19.39827397260274,27.719753424657533,41.66,11.781260273972602,9,2.128246575342465,4,14306811155.4783,4.11642817161422,214264647.0,1266.61340849959,,42.2331998558465,0.0336039282239906,,47.0267745952677,,65.374,,0.3519990097614252,0.7136663596121198,2.48899078,,277.948120330012,0.142067300537918,2.2043399810791,4.170122506634173,1.50032405388564,23.4927320097855,771000.0,90.1,89.4591472805659,35.6595549759128,56.9799995422363,0.8977957364028295,907000.0,,,,,,,,,,,0.0,1.0,9.113753160381409,0.0,3.0,0.0,1.0,2018.0,2530755.0,1.0,410.0,0.0,907000.0,1900000.0,0.0,,,907000.0,,,,,0.1299131436595037,0.3490837268446782,Moderate,0.36553402999997237,0.44223877741828577,0.3791106626218478,407000.0,1857000.0,300000.0,1225.4340119198,1204.36475491585,1131.73513834324,19.281589041095888,18.647322404371582,19.7713698630137,168.92,135.0,125.51,0.3856188447543121,0.049719369461307075,19.1090618060234,0.4041117414633269,125.46333333333332,48.92710530302541,1011666.6666666666,754364.1914442449,-0.04500347930750914,0.006051624233778474,0.03360392822399061,0.8943488943488944,0.29094912673576223,0.1474292280225502,0.2735638614838722,0.035677845235916154,South Asia,-0.09961409867287918,-59166.66666666663,-288.9721420716651,5.0
PAK,Pakistan,2015,1.002770449289283,71,-0.0906480667888395,36,88.41999999999999,0.3897534246575342,15.696767123287673,0.0120468852952571,20.064767123287677,142.26,18.520000000000003,33.275424657534245,-4.25,19.472794520547943,27.769178082191782,41.23,12.07241095890411,5,2.138602739726028,4,20027864211.2597,4.21794209572506,217290883.0,1380.47020838317,16.9,41.0100156050682,0.0898907268149427,,46.9619136571191,31.3,65.641,,0.3356650215331551,0.7609412905296025,2.49493265,,281.873810450394,0.139904627291703,2.38609004020691,3.953283393348528,1.40250113589189,23.2628407756242,1002000.0,91.0,89.6158196961384,35.9017325715342,,0.903079098480692,,,,,,,,,,,,0.0,1.0,7.454541684802936,0.0,7.0,0.0,6.0,1.0,1657490.0,0.0,1596.0,0.0,0.0,1459312.0,0.0,,,,,,,,0.0906480667888395,0.3404494882723301,Moderate,0.3490837268446782,0.36553402999997237,0.44223877741828577,771000.0,407000.0,1857000.0,1266.61340849959,1225.4340119198,1204.36475491585,19.39827397260274,19.281589041095888,18.647322404371582,72.47,168.92,135.0,0.3516890817056602,0.01274360482301575,19.38421917808219,0.09637446124301917,127.88333333333333,49.80629511751839,726666.6666666666,299967.2204313827,-0.02473400479131993,0.0038416071476488067,0.0898907268149427,0.2996108949416343,0.278656282193076,0.1396183882678574,0.2674596698778623,0.03299667132514131,South Asia,-0.05336084871042773,-322666.66666666674,-234.1437978157453,4.0
PAK,Pakistan,2016,1.4275491943730847,82,-0.0970835196625253,37,99.41,0.3584153005464481,16.00013661202186,0.014499499770843,20.354836065573767,131.18,26.81,30.32871584699453,-2.33,20.64008196721312,29.13841530054645,41.64,13.138278688524592,6,2.190683060109289,5,22027605269.5237,6.57383828511043,220138869.0,1424.69161195897,,42.2680831973418,0.0320335805200699,,47.7298671647987,,65.943,,0.3435046737248735,0.7633125111764048,2.57026362,,285.568271326276,0.140774776125519,2.66805005073547,3.718567048036298,1.30216393815952,22.3283302035697,13000.0,91.8,89.7707150440618,36.1597184900333,,0.907853575220309,2400.0,,,,,,,,,,,0.0,0.0,5.520587627387993,0.0,8.0,0.0,7.0,2.0,10953.0,1.0,403.0,0.0,2356.0,463921.0,0.0,,,2400.0,,,,,0.0970835196625253,0.3971199483511119,Moderate,0.3404494882723301,0.3490837268446782,0.36553402999997237,1002000.0,771000.0,407000.0,1380.47020838317,1266.61340849959,1225.4340119198,19.472794520547943,19.39827397260274,19.281589041095888,142.26,72.47,168.92,0.36221772115604006,0.03053295950793777,19.8370501534546,0.69644339213445,115.30333333333333,37.50616527097031,595333.3333333334,517372.5285839304,0.16645776254905198,0.059944526474278836,0.03203358052006999,-0.9870259481037924,0.32273182971440295,0.1678549901622888,0.3126975430816516,0.03659318344925053,South Asia,-0.026727377314628264,-581233.3333333334,-296.97754035216917,4.0
PAK,Pakistan,2017,1.1951071436048184,72,-0.0865859682789355,37,115.07,0.4095342465753425,16.037616438356164,0.011759961798812,20.12290410958904,149.48000000000002,24.58,31.615424657534245,-4.87,19.79553424657534,28.277342465753424,41.92,12.23972602739726,10,2.2352328767123284,4,18455861310.286,4.43262590683975,223273967.0,1519.23459514248,,39.8747244915583,0.0663603143234008,,48.0009858862599,,66.223,,0.3190976555607327,0.7309713528913986,2.7863009,,289.635179275633,0.139783425803511,2.57617998123169,4.095730790729463,1.41409990353131,21.9632035366872,1800.0,92.7,89.9237776878555,36.4351548223399,59.1300010681152,0.9131188884392776,75000.0,,,,,,,,,,,0.0,0.0,6.879397085596377,1.0,5.0,0.0,2.0,110.0,63243.0,2.0,215.0,0.0,75137.0,249491.0,0.0,,,75000.0,,,,,0.0865859682789355,0.4033875496603336,Moderate,0.3971199483511119,0.3404494882723301,0.3490837268446782,13000.0,1002000.0,771000.0,1424.69161195897,1380.47020838317,1266.61340849959,20.64008196721312,19.472794520547943,19.39827397260274,131.18,142.26,72.47,0.3803189954279252,0.03466992799481099,19.9694702447788,0.6027688565186557,140.97333333333333,9.217599108951038,338933.3333333333,574259.8830959117,0.015782640321256647,-0.04091784722460645,0.06636031432340084,-0.8615384615384616,0.32281106144382726,0.1608496740603059,0.31842384561509957,0.035046758704245895,South Asia,-0.022730790524663647,-471500.0,-353.9426219338982,4.0
PAK,Pakistan,2018,1.1001708403044117,47,-0.106300086254979,37,89.6,0.3135342465753424,16.531150684931504,0.007581627893777,20.158575342465756,114.44,25.2,29.146465753424653,-2.17,20.17841095890411,28.94871232876712,42.76,12.417561643835615,9,2.4450136986301367,7,11837177725.8521,6.15170261099519,226928892.0,1569.33814626355,16.5,37.4164265521233,0.0329794695837419,,47.9361249481112,29.6,66.481,,0.2969602581261217,0.7262106501607304,2.82844949,,294.376416562889,0.137311735519336,2.33216949688293,4.779833540299717,1.62371483290292,21.6512353593957,1900.0,93.4,90.0758470234098,36.7478511550359,57.0099983215332,0.9173792351170492,1700.0,,,,,,,,,,,0.0,1.0,4.749136724821933,0.0,2.0,0.0,1.0,0.0,5000.0,0.0,240.0,0.0,1749.0,116913.0,0.0,,,1700.0,,,,,0.106300086254979,0.3912078415919901,Moderate,0.4033875496603336,0.3971199483511119,0.3404494882723301,1800.0,13000.0,1002000.0,1519.23459514248,1424.69161195897,1380.47020838317,19.79553424657534,20.64008196721312,19.472794520547943,149.48000000000002,131.18,142.26,0.3972384465344785,0.0060907186375761795,20.204675724230857,0.42288602664533215,131.70000000000002,17.525786715580093,5566.666666666667,6437.649674422249,-0.030193564671490702,0.019341570051083945,0.03297946958374198,0.05555555555555558,0.310487110409339,0.14637599471541385,0.30969049098750495,0.03232189110053847,South Asia,-0.0437718741758516,-550583.3333333334,-352.3173600098471,4.0
PAK,Pakistan,2019,0.8537997327687655,33,0.017593918297091,37,250.05,0.9168493150684932,15.260684931506848,0.0179495956547382,19.698219178082194,334.65,63.93,42.21520547945205,-4.0,18.68841095890411,26.74432876712329,41.69,11.48364383561644,11,2.2324383561643835,11,16586046186.2171,2.49763692943365,230800899.0,1390.41690981745,,38.3089008456774,-0.1140106336369221,,47.0553134080531,,66.729,,0.3130555237045943,0.7258382363153022,2.84736943,,299.399256693649,0.132278514218439,2.21492004394531,5.065449936823104,1.69187124669657,20.6778713222887,100000.0,93.9,90.2267743289886,37.1091631735769,58.0,0.920633871644943,15000.0,,,,,,,,,,,0.0,0.0,6.918828183243276,0.0,10.0,1.0,8.0,0.0,4681944.0,1.0,322.0,0.0,14800.0,100960.0,0.0,,,15000.0,,,,,-0.017593918297091,0.41380227575040707,Moderate,0.3912078415919901,0.4033875496603336,0.3971199483511119,1900.0,1800.0,13000.0,1569.33814626355,1519.23459514248,1424.69161195897,20.17841095890411,19.79553424657534,20.64008196721312,114.44,149.48000000000002,131.18,0.4027992223342436,0.011308700655545359,19.554118721461187,0.7737803899199084,199.52333333333334,118.32735285357026,34566.666666666664,56666.95097965441,0.05775557582504143,-0.0738412951859575,-0.1140106336369221,51.63157894736842,0.3381540197852314,0.15852310351438004,0.3285478930857782,0.032841884530821486,South Asia,-0.026591643997575687,-1487833.3333333333,-500.13937175808496,5.0
PAK,Pakistan,2020,1.0207969942398398,46,0.6401704044990575,37,1029.53,3.9485519125683055,14.92327868852459,0.0155900972372053,20.146284153005464,1445.17,233.61,54.334071038251366,-4.57,16.807868852459016,24.8427868852459,38.62,9.919508196721312,10,2.249153005464481,5,18521734363.9531,-1.27408744338709,235001746.0,1278.39735206896,,38.3114820459559,-0.0805654454844031,,47.572903694479,,65.701,,0.3187192760156719,0.7582539293990423,2.95273018,,304.848674242424,0.131616043397397,2.05718240718423,5.498712269196132,1.80375141301202,21.8541325548966,829000.0,94.5,90.3763302585524,37.5080192948099,,0.924381651292762,160.0,,,,,,,,,,,0.0,0.0,9.199777721893495,1.0,6.0,0.0,4.0,1500.0,2560289.0,1.0,630.0,0.0,161.0,98491.0,0.0,,,160.0,,,,,-0.6401704044990575,0.41364998378097295,Moderate,0.41380227575040707,0.3912078415919901,0.4033875496603336,100000.0,1900.0,1800.0,1390.41690981745,1569.33814626355,1519.23459514248,18.68841095890411,20.17841095890411,19.79553424657534,334.65,114.44,149.48000000000002,0.40622003370779,0.013001162728858411,18.558230256755746,1.6890378279478235,631.4200000000001,713.277581240291,310300.0,451877.38381113624,-0.00036803076821634306,-0.10062611051203951,-0.08056544548440314,7.289999999999999,0.34412196113014326,0.15847543926934693,0.3294619196196884,0.03127952871629298,South Asia,-0.04065721301924846,-711666.6666666667,-546.0850251460051,4.0
PAK,Pakistan,2021,1.1409336253130005,93,0.0340898640464515,37,235.0,0.9971780821917808,16.2666301369863,0.006790115565997,20.313534246575344,363.97,72.29,35.50723287671233,-3.85,19.70298630136986,28.390164383561643,42.26,12.123534246575344,8,2.202876712328767,6,22811522857.5295,6.51388575852702,239477801.0,1455.31922370186,,37.098033495337,0.1383934903702433,,46.7180365296804,,65.773,,0.2999947509851286,0.7266991649061169,2.99015832,,310.65509677252,0.126441782384665,1.68746129213991,5.861371933559987,1.8867779716011,22.6625080760743,70000.0,94.9,90.5243087608224,37.9333395514173,58.8600006103516,0.927121543804112,,,,,,,,,,,,0.0,0.0,4.704987082796241,0.0,6.0,0.0,4.0,10.0,385.0,2.0,243.0,0.0,,103602.0,0.0,,,,,,,,-0.0340898640464515,0.4409190281487336,Moderate,0.41364998378097295,0.41380227575040707,0.3912078415919901,829000.0,100000.0,1900.0,1278.39735206896,1390.41690981745,1569.33814626355,16.807868852459016,18.68841095890411,20.17841095890411,1445.17,334.65,114.44,0.42279042922670457,0.015700011858843878,18.399755370910995,1.468985295061437,714.5966666666667,632.8648845791124,333000.0,429810.4233263741,0.06592299150723435,0.17224774147897315,0.1383934903702433,-0.9155609167671894,0.35655095861269903,0.16357228874993157,0.35233505209712573,0.03213349807887097,South Asia,0.030592134370157398,-805000.0,-508.67938172528693,1.0
PAK,Pakistan,2022,1.5474085594063771,71,0.1773491637108337,37,378.0700000000001,1.6947945205479449,15.25309589041096,0.0047731619379946,19.675479452054795,618.5999999999999,83.68,46.80687671232877,-4.38,18.88616438356164,27.085479452054795,40.05,11.832383561643836,13,2.3457260273972604,9,9926587077.28489,4.7781068690358,243700667.0,1538.3228133171,,36.7314142033124,0.057034627361072,,46.6311228725612,,67.417,,0.2930214433236255,0.7719526015417743,2.90354776,,316.133077781237,0.124045618635915,1.97300945756988,5.525997973611507,1.74799739792983,22.3268646996031,8168000.0,95.0,90.6704556362056,38.3740439760816,,0.928352278181028,680.0,,,,,,,,,,,0.0,1.0,11.0691093561025,0.0,4.0,0.0,1.0,15000.0,33016869.0,1.0,1765.0,1.0,680.0,15890.0,0.0,,,680.0,,,,,-0.1773491637108337,0.4513435036418778,Moderate,0.4409190281487336,0.41364998378097295,0.41380227575040707,70000.0,829000.0,100000.0,1455.31922370186,1278.39735206896,1390.41690981745,19.70298630136986,16.807868852459016,18.68841095890411,363.97,1445.17,334.65,0.4353041718571948,0.01946394919478278,18.465673179130174,1.4926606782856473,809.2466666666666,565.2503636737737,3022333.3333333335,4472408.113458937,0.02364260743500446,-0.04145675712881314,0.05703462736107201,115.68571428571428,0.3600550856546074,0.1657848518024405,0.36175964665478594,0.03233773379373346,South Asia,0.018760126173742286,6080833.333333333,-398.4436059367206,3.0
PAK,Pakistan,2023,1.2446098320741077,54,0.1374708337410289,37,341.35,1.5006027397260275,15.615808219178083,0.0180643867697539,19.404246575342466,547.72,86.65,43.38895890410959,-5.3,19.01109589041096,27.390246575342463,40.6,11.774438356164383,8,2.1513150684931506,7,13730353485.3454,-0.414935997088406,247504495.0,1360.32417758419,,36.7740398149604,-0.1157095469117369,,46.6933893731839,,67.649,,0.3019678354988913,0.7681781583487726,2.51988316,,321.067474833956,0.122260405816064,1.94658005237579,4.972707774666819,1.54880458608849,23.426703596366,732000.0,95.6,90.6815872292919,38.8191861872791,,0.9314079361464596,2800.0,,,,,,,,,,,0.0,1.0,5.8735500074582765,1.0,12.0,0.0,9.0,0.0,119829.0,1.0,369.0,0.0,2788.0,20881.0,0.0,,,2800.0,,,,,-0.1374708337410289,0.3939788756062843,Moderate,0.4513435036418778,0.4409190281487336,0.41364998378097295,8168000.0,70000.0,829000.0,1538.3228133171,1455.31922370186,1278.39735206896,18.88616438356164,19.70298630136986,16.807868852459016,618.5999999999999,363.97,1445.17,0.42874713579896523,0.030557999933671486,19.20008219178082,0.43998452010505085,510.09666666666664,131.41820891084043,2990000.0,4496479.067003425,-0.12709749353368327,0.0066149750850448275,-0.11570954691173696,-0.9103819784524976,0.3235134048305395,0.1448819485779883,0.31662744742854937,0.02702382419253232,South Asia,-0.027328968522134234,132666.66666666663,-632.5668891827154,4.0
PHL,Philippines,2008,0.4242741991411674,6,0.0892823625412143,36,890.76,7.524781420765026,1.0599726775956286,0.003828856154899,17.52502732240437,2754.07,230.99,82.87150273224044,24.73,27.50775956284153,28.077732240437157,30.2,27.01775956284153,4,4.546311475409837,2,37497616849.3423,4.34448730509183,92699095.0,1959.29233534978,,32.366229095968,,,40.2790354495757,,68.643,,0.2402841231064896,0.8697957790914908,3.86315918,,310.893433276319,0.0587923754811199,2.58282995223999,5.494527415431134,1.76733466433421,14.5160747573134,2757000.0,83.3,89.5006950192922,43.1547492407016,95.4199981689453,0.8640034750964609,,,,,,,,,,,,0.0,0.0,9.385536514773484,1.0,20.0,0.0,8.0,481.202,8459896.0,11.0,959.0,0.0,,,,,,,,,,,-0.0892823625412143,0.2614439543720415,Moderate,,,,,,,,,,,,,,,,0.2614439543720415,,27.50775956284153,,2754.07,,2757000.0,,,,,,0.19409376091206412,0.084619549229613,0.20894569597660895,0.03555546925163708,Southeast Asia,-0.12277464244639796,1649600.0,112.36888331077921,6.0
PHL,Philippines,2009,0.6269146813965519,9,0.0200049505138321,37,828.71,6.7505205479452055,1.1501095890410955,0.0029458865859045,17.343397260273974,2463.94,210.86,82.22654794520548,23.79,27.58178082191781,28.208931506849314,30.65,27.058821917808224,10,4.551424657534247,10,44205983462.3944,1.44832306275669,94384250.0,1864.45043406471,22.0,32.3774027495332,-0.04840620236905,,40.580876681088,46.3,68.631,,0.2444044891613338,0.78397650443216,4.16451931,,316.545091726196,0.0582724342249899,2.53777003288269,5.702720050664426,1.801550616238,14.5402133153152,2062000.0,84.3,89.8798092589211,44.3356772609527,,0.8708990462946055,400000.0,,,,,,,,,,,0.0,0.0,9.852617278858014,1.0,23.0,0.0,8.0,962.017,13304955.0,14.0,1307.0,0.0,400000.0,125000.0,0.0,,,400000.0,,,,,-0.0200049505138321,0.37489964453396607,Moderate,0.2614439543720415,,,2757000.0,,,1959.29233534978,,,27.50775956284153,,,2754.07,,,0.3181717994530038,0.08022528787769674,27.544770192379673,0.05234093424480174,2609.005,205.1528904256531,2409500.0,491439.2129246505,0.4339579793858006,0.002690922861499301,-0.04840620236905002,-0.25208560029017046,0.28299723982773956,0.12138276781733053,0.3005563076491973,0.04839990165314842,Southeast Asia,-0.010023448358234488,1522083.3333333335,17.994208294567443,3.0
PHL,Philippines,2010,0.8111447957135749,42,-0.0357714064757357,36,564.75,6.1271506849315065,1.270986301369863,0.0033528674334872,19.105863013698627,2236.41,127.26,80.03641095890411,24.69,28.013369863013697,28.684,32.16,27.413013698630134,10,4.076,9,62326286864.5526,7.33449996034538,96337125.0,2162.91375885614,,31.5320756750827,0.1600811259652241,,40.580876681088,,68.883,,0.2256496008958762,0.8799983313454294,4.13107872,,323.094627226079,0.0550151356499377,,6.616830156291536,2.04795425200975,13.7488650524217,1002000.0,85.5,90.264011405217,45.5208176726647,97.0899963378906,0.878820057026085,70000.0,,,,,,,,,,,0.0,0.0,8.771083859465602,1.0,13.0,0.0,9.0,335.087,5443407.0,3.0,376.0,0.0,70000.0,15000.0,0.0,,,70000.0,,,,,0.0357714064757357,0.35076498052631433,Moderate,0.37489964453396607,0.2614439543720415,,2062000.0,2757000.0,,1864.45043406471,1959.29233534978,,27.58178082191781,27.50775956284153,,2463.94,2754.07,,0.3290361931441073,0.059767495834738865,27.700970082591013,0.2730659330727927,2484.806666666667,259.4600783036447,1940333.3333333333,883803.3340813629,-0.06437633206522053,0.0156476133242609,0.16008112596522417,-0.5140640155189137,0.2510141694432079,0.11060347910124653,0.2822041979407682,0.042505680337425175,Southeast Asia,-0.05471459169184806,503500.0,-145.15803198875665,5.0
PHL,Philippines,2011,0.5382637615812497,10,0.1201440171434569,36,867.33,7.869698630136988,1.146958904109589,0.004997255831974,17.068356164383562,2872.4400000000005,161.87,82.7392602739726,24.34,27.50301369863013,28.11438356164384,30.24,26.96742465753424,5,4.702657534246575,4,75123089217.1415,3.85823282795663,98248614.0,2383.91892522087,,31.279108429942,0.1021793705180409,,41.1174833148875,,69.096,,0.2147502831897835,0.7951280328271528,4.02518559,,329.505362712547,0.0554715204430263,,6.473918802595423,1.96473852483036,14.0957351510823,2499000.0,87.2,90.670107052381,46.6833632464759,,0.889350535261905,97000.0,,,,,,,,,,,0.0,0.0,9.88750465056241,3.0,30.0,0.0,15.0,730.025,11688393.0,12.0,1933.0,0.0,97000.0,46000.0,0.0,,,97000.0,,,,,-0.1201440171434569,0.25842260614957224,Moderate,0.35076498052631433,0.37489964453396607,0.2614439543720415,1002000.0,2062000.0,2757000.0,2162.91375885614,1864.45043406471,1959.29233534978,28.013369863013697,27.58178082191781,27.50775956284153,2236.41,2463.94,2754.07,0.3280290770699509,0.06147695582234615,27.69938812785388,0.27475345755464325,2524.263333333334,322.2773939222755,1854333.3333333333,769802.7885980494,-0.2632599589565201,-0.01821830671851421,0.10217937051804094,1.4940119760479043,0.17742298498552644,0.08083228718500667,0.2086155786034475,0.028594323046673708,Southeast Asia,-0.10229919663073611,1730933.3333333335,-214.50477314344516,6.0
PHL,Philippines,2012,0.6123909550485735,8,0.0379219340409734,36,809.1899999999999,6.950765027322404,1.1906010928961748,0.0022933221396223,17.872322404371587,2543.98,174.25,81.12961748633879,25.05,27.93054644808743,28.56907103825136,31.43,27.378469945355192,6,4.430218579234973,5,83788600500.6134,6.89695171050985,100175512.0,2614.61644401308,21.3,30.8297371328032,0.0967723844764714,,41.6876278632995,46.5,69.237,,0.2023137354498543,0.7991883176826301,4.17709208,,335.96777677164,0.0557022358917417,,6.525375732172449,1.94226237851608,13.0958070106782,3859000.0,87.1,91.0748919479401,47.9182784810426,,0.8908744597397005,178000.0,,,,,,,,,,,0.0,0.0,10.05650020713731,1.0,18.0,0.0,8.0,993.467,12175131.0,9.0,2271.0,0.0,178000.0,,0.0,,,178000.0,,,,,-0.0379219340409734,0.2810425409179541,Moderate,0.25842260614957224,0.35076498052631433,0.37489964453396607,2499000.0,1002000.0,2062000.0,2383.91892522087,2162.91375885614,1864.45043406471,27.50301369863013,28.013369863013697,27.58178082191781,2872.4400000000005,2236.41,2463.94,0.2967433758646136,0.048131753447181694,27.815643336577086,0.27389395284880785,2550.943333333333,318.07217142235737,2453333.3333333335,1429047.3516764003,0.0875307896062687,0.015544941879536367,0.09677238447647141,0.5442176870748299,0.1844283200615792,0.08664467659635612,0.227633252574004,0.030668919113799077,Southeast Asia,-0.043430123274272814,3047920.0,-144.21742525961326,6.0
PHL,Philippines,2013,0.5732630683263208,17,0.0546797876613485,37,694.41,7.138054794520549,1.1669041095890411,0.0019458199559255,18.014876712328768,2605.3900000000003,146.57,81.04063013698631,24.66,27.963178082191785,28.588849315068494,31.37,27.421945205479453,9,4.469150684931508,4,83182370907.1603,6.75053130142255,102076336.0,2781.27957677397,,29.7178644007855,0.0637428610772006,,41.8184257302881,,69.283,,0.1885052457519109,0.8888369805632607,4.27408695,,342.342744072174,0.0547629374157787,,6.435070640402524,1.87971579705684,12.4734251044125,7022000.0,87.5,91.4784521468904,49.1313688766206,96.4000015258789,0.894892260734452,327000.0,,,,,,,,,,,0.0,0.0,11.475119932022054,0.0,13.0,0.0,5.0,12371.351,22444909.0,8.0,7520.0,0.0,327351.0,115800.0,0.0,,,327000.0,,,,,-0.0546797876613485,0.3107833009606355,Moderate,0.2810425409179541,0.25842260614957224,0.35076498052631433,3859000.0,2499000.0,1002000.0,2614.61644401308,2383.91892522087,2162.91375885614,27.93054644808743,27.50301369863013,28.013369863013697,2543.98,2872.4400000000005,2236.41,0.2834161493427206,0.026260923498421115,27.79891274296978,0.25677497778584024,2673.936666666667,174.62954226972394,4460000.0,2320621.25302687,0.10582298304570092,0.0011683134866338207,0.06374286107720062,0.8196423944026949,0.19713490085655755,0.09235815995976675,0.25253269390112504,0.03266573016545679,Southeast Asia,-0.07142815099093058,5543833.333333333,-90.42674774181842,5.0
PHL,Philippines,2014,0.6603948293958245,14,-0.0708114999495142,37,787.8900000000001,5.735534246575343,1.3040273972602738,0.0035229688344442,18.48391780821918,2093.4700000000003,151.70999999999998,80.39052054794521,23.29,27.802958904109587,28.503342465753423,31.43,27.19931506849315,9,4.669178082191781,5,79629428309.078,6.34798748260867,103767130.0,2866.83803761407,,29.0797181429951,0.030762265525043,,41.9156856826642,,69.311,,0.1811861270831022,0.8029779833998378,3.70313668,,348.013314552101,0.0538706235780059,2.66454238129968,5.717277012170722,1.64283283802775,12.2716816211446,5787000.0,89.8,91.8806100613092,50.2392400212368,,0.908403050306546,124000.0,,,,,,,,,,,0.0,0.0,9.3322244919789,0.0,12.0,0.0,3.0,1063.69,13214113.0,9.0,331.0,0.0,123800.0,77700.0,0.0,,,124000.0,,,,,0.0708114999495142,0.334304885830925,Moderate,0.3107833009606355,0.2810425409179541,0.25842260614957224,7022000.0,3859000.0,2499000.0,2781.27957677397,2614.61644401308,2383.91892522087,27.963178082191785,27.93054644808743,27.50301369863013,2605.3900000000003,2543.98,2872.4400000000005,0.3087102425698382,0.026691618997839315,27.898894478129602,0.08466954386313628,2414.28,279.5211782674077,5556000.0,1594102.568845556,0.0756848414878919,-0.00572964838300094,0.03076226552504302,-0.175875818855027,0.208294341887405,0.09721491853789456,0.27240770717816526,0.03062130780973112,Southeast Asia,-0.0784135348748573,4610833.333333333,-29.837470079345167,5.0
PHL,Philippines,2015,0.7215403995601734,18,-0.1893849798240539,37,542.35,4.410328767123287,1.3558082191780825,0.0067581701927087,19.62764383561644,1609.77,211.75,79.1278904109589,24.3,27.993397260273973,28.74153424657534,31.32,27.38572602739726,18,4.5669589041095895,11,80640411491.447,6.34830971672761,105312992.0,2909.85818010301,14.6,27.851386470164,0.0150061293747669,,42.0129456350404,44.6,69.45,,0.1719574383223917,0.8970781024141239,3.8982749,,353.197813327967,0.0530798707152865,2.83052303785203,5.222926238054015,1.47875384302116,10.9964991548623,2221000.0,89.1,92.2815392767777,51.1549047745227,98.1800003051758,0.9069076963838884,288000.0,,,,,,,,,,,0.0,0.0,8.960559518898805,0.0,16.0,1.0,5.0,1965.966,4019201.0,10.0,201.0,0.0,287970.0,62454.0,0.0,,,288000.0,,,,,0.1893849798240539,0.44720200788509545,Moderate,0.334304885830925,0.3107833009606355,0.2810425409179541,5787000.0,7022000.0,3859000.0,2866.83803761407,2781.27957677397,2614.61644401308,27.802958904109587,27.963178082191785,27.93054644808743,2093.4700000000003,2605.3900000000003,2543.98,0.3640967315588853,0.07292586272128955,27.91984474885845,0.10234757060126635,2102.876666666667,497.8766515245855,5010000.0,2493029.6829360053,0.3377070657330097,0.0068495715445680005,0.015006129374766974,-0.6162087437359599,0.2761073017708845,0.12455195951841123,0.36531942209572454,0.041631065095774064,Southeast Asia,0.057811863511706474,1544043.3333333335,46.76547266206671,1.0
PHL,Philippines,2016,0.652040326135187,17,-0.071524256807105,35,645.7,5.727568306010929,1.2117213114754095,0.0028067206322651,18.80937158469945,2096.29,126.63,80.5479781420765,24.73,28.23308743169399,28.89314207650273,31.44,27.68142076502733,9,4.273743169398907,4,80666223156.9831,7.14945675000752,106735719.0,2985.19564024046,,26.7234128847963,0.0258904233383576,,42.1102055874166,,69.49,,0.1623461480849277,0.805211531803491,3.95484328,,357.969342992253,0.0523723459435355,3.30128109042443,4.803616012994326,1.34190709540685,10.2051255325616,5930000.0,92.0,92.6811507144986,51.9114748151175,,0.923405753572493,280000.0,,,,,,,,,,,0.0,0.0,7.970441942603033,0.0,10.0,0.0,2.0,180.074,5534610.0,8.0,79.0,0.0,279870.0,87417.0,0.0,,,280000.0,,,,,0.071524256807105,0.26465362706257656,Moderate,0.44720200788509545,0.334304885830925,0.3107833009606355,2221000.0,5787000.0,7022000.0,2909.85818010301,2866.83803761407,2781.27957677397,27.993397260273973,27.802958904109587,27.963178082191785,1609.77,2093.4700000000003,2605.3900000000003,0.3487201735928656,0.09212398290442897,28.009814532025846,0.2155337158527912,1933.176666666667,280.08193824903003,4646000.0,2101328.389376587,-0.4082011654773765,0.008562382378653366,0.02589042333835767,1.6699684826654662,0.16077847958843075,0.07072448147452133,0.2166884666934828,0.020270945129164525,Southeast Asia,-0.12186571799493934,4626283.333333333,-11.420253309340296,6.0
PHL,Philippines,2017,0.5594562656026548,7,0.0946643241557379,37,972.27,7.5849315068493155,1.145150684931507,0.0053713214699067,18.107890410958905,2768.5,207.04,80.80978082191781,24.26,28.146054794520552,28.75947945205479,31.78,27.61432876712329,4,4.520904109589042,4,81413504334.4498,6.9309883258402,108119693.0,3038.12124959289,,25.1806891263771,0.0177293603940031,,42.224234497099,,69.966,,0.1512217759756439,0.8077279138605049,3.96042776,,362.61090317604,0.0517019596050832,3.96384087403915,4.671523034339871,1.28830186666283,10.1829541314109,2529000.0,93.0,93.0805992720253,52.6010482354344,,0.9304029963601266,645000.0,,,,,,,,,,,0.0,0.0,8.26530722365808,0.0,11.0,0.0,3.0,140.87592,4811448.0,8.0,222.0,0.0,666412.0,445268.0,0.0,,,666000.0,,,,,-0.0946643241557379,0.30217695268083683,Moderate,0.26465362706257656,0.44720200788509545,0.334304885830925,5930000.0,2221000.0,5787000.0,2985.19564024046,2909.85818010301,2866.83803761407,28.23308743169399,27.993397260273973,27.802958904109587,2096.29,1609.77,2093.4700000000003,0.33801086254283624,0.09640554785503415,28.1241798288295,0.12133313711359653,2158.1866666666665,581.8394978285105,3560000.0,2058249.4989675086,0.14178277484701907,-0.003082646819410062,0.01772936039400319,-0.5735244519392917,0.1814713458157005,0.07609023906612115,0.2479514361905005,0.02103061047561406,Southeast Asia,-0.05888179389519399,1870166.6666666665,-179.4425159258899,5.0
PHL,Philippines,2018,0.6227794381539605,6,-0.0667397498963489,36,632.66,5.78104109589041,1.2838356164383562,0.0032673885736989,18.10323287671233,2110.08,153.58,80.9165205479452,24.98,28.07758904109589,28.78419178082192,31.06,27.500356164383565,4,4.760630136986301,4,79195598849.54,6.34148557153473,109465287.0,3168.51036609727,8.3,24.0341655328165,0.0429176803005648,,42.3013717007077,42.3,69.761,,0.1402160430972912,0.8085302529394753,3.9538188,,367.123744843546,0.0510664170642516,3.85502760745456,4.540807973693984,1.23686033319068,9.65014035815306,3802000.0,94.2,93.4798496793252,53.2088897464754,,0.938399248396626,188000.0,,,,,,,,,,,0.0,0.0,9.022894920508271,0.0,8.0,0.0,1.0,566.148,9528889.0,7.0,313.0,0.0,188314.0,300806.0,0.0,,,188000.0,,,,,0.0667397498963489,0.25263907702084687,Moderate,0.30217695268083683,0.26465362706257656,0.44720200788509545,2529000.0,5930000.0,2221000.0,3038.12124959289,2985.19564024046,2909.85818010301,28.146054794520552,28.23308743169399,27.993397260273973,2768.5,2096.29,1609.77,0.27315655225475344,0.02584037700661475,28.152243755770144,0.07793372056215893,2324.9566666666665,384.18167243289093,4087000.0,1718318.6549647886,-0.16393664447438017,-0.0024325168811222264,0.042917680300564864,0.5033610122578094,0.14739039582317331,0.06071969397177011,0.20773679445607263,0.015562757028866853,Southeast Asia,-0.10550090199203083,2945733.3333333335,-279.2291852271296,6.0
PHL,Philippines,2019,0.7575290724019442,53,-0.1341307677841092,36,686.5,5.027863013698631,1.309123287671233,0.0041759130157962,19.327890410958904,1835.17,154.35,78.74652054794521,24.55,28.215890410958902,28.929397260273973,32.49,27.620273972602742,10,4.468547945205479,6,89515298355.7402,6.11852566221303,110804683.0,3400.78949767074,,22.6054798824319,0.073308622897003,,42.3785089043163,,69.68,,0.1249773001549944,0.8976304922125026,4.16646004,,371.615799711574,0.0504491312880702,3.40748649142134,4.519425416455897,1.21615534645287,8.82032374730525,4495000.0,95.3,93.8786426296812,53.7157859948017,96.2799987792969,0.945893213148406,183000.0,,,,,,,,,,,0.0,0.0,8.400498702194819,0.0,9.0,1.0,1.0,563.913,6086139.0,7.0,92.0,0.0,183273.0,179536.0,0.0,,,183000.0,,,,,0.1341307677841092,0.37248830517644305,Moderate,0.25263907702084687,0.30217695268083683,0.26465362706257656,3802000.0,2529000.0,5930000.0,3168.51036609727,3038.12124959289,2985.19564024046,28.07758904109589,28.146054794520552,28.23308743169399,2110.08,2768.5,2096.29,0.3091014449593756,0.060223922301355495,28.146511415525115,0.06915181562006938,2237.9166666666665,479.61743320414575,3608666.6666666665,997157.1256995226,0.4743891149733208,0.004925685380628098,0.07330862289700302,0.18227248816412422,0.20593494569624402,0.08420276889107238,0.3069136056242364,0.020154145332893295,Southeast Asia,-0.06282907619581729,3587000.0,-300.244083659617,5.0
PHL,Philippines,2020,0.9616135871497852,8,0.2435152186339221,37,1332.0400000000002,9.248524590163935,1.148879781420765,0.0035899271286968,18.745628415300548,3384.9600000000005,477.28,80.02852459016393,24.95,28.346693989071035,28.950273224043716,31.55,27.80139344262296,8,4.3836885245901644,4,109990274218.874,-9.51829474045297,112081264.0,3227.57910235199,,24.5081370532987,-0.0509324071476298,,42.455646107925,,70.097,,0.14107781191109,0.904488229205844,5.16214037,,375.897186168964,0.049874526754088,3.85829051308063,4.305955216813385,1.1455140860985,10.1853110317615,4450000.0,96.4,94.2767858134665,54.1077719895977,98.4700012207031,0.9533839290673324,111000.0,,,,,,,,,,,0.0,0.0,8.856299996953041,1.0,7.0,0.0,0.0,1044.974,5374751.0,6.0,200.0,0.0,110622.0,153057.0,0.0,,,111000.0,,,,,-0.2435152186339221,0.42043796342926004,Moderate,0.37248830517644305,0.25263907702084687,0.30217695268083683,4495000.0,3802000.0,2529000.0,3400.78949767074,3168.51036609727,3038.12124959289,28.215890410958902,28.07758904109589,28.146054794520552,1835.17,2110.08,2768.5,0.34852178187551663,0.0864286540987784,28.213391147041943,0.1345698814604161,2443.4033333333336,826.9163164633611,4249000.0,387766.6824264306,0.12872795625114675,0.004635812522908234,-0.05093240714762981,-0.010011123470522798,0.24201948844974078,0.10304151230134093,0.3470904392752938,0.0195991659260047,Southeast Asia,0.007811737899800997,3358666.666666667,-300.80616951391494,5.0
PHL,Philippines,2021,0.6889550591289063,13,0.0133322812515105,37,781.36,6.675945205479453,1.1667671232876713,0.0032145855491914,17.978739726027396,2436.7200000000003,224.4,80.9172602739726,24.3,28.23394520547945,28.87180821917808,31.62,27.70504109589041,7,4.791780821917809,4,108754857244.204,5.71473313185116,113100950.0,3484.38593882819,8.1,24.325505789458,0.0795663958441981,,42.5361371029949,40.7,66.675,,0.1318129967254643,0.8001636505076912,5.97500563,,379.317000368917,0.0494248722048754,3.87249754784633,3.4353235248961824,0.905660310915421,10.0691640204876,5714000.0,97.5,94.6741026690457,54.4504102510776,,0.9608705133452284,140000.0,,,,,,,,,,,0.0,0.0,9.536279912610404,0.0,13.0,0.0,5.0,1050.235,12762619.0,8.0,572.0,0.0,140145.0,108463.0,0.0,,,140000.0,,,,,-0.0133322812515105,0.3292068612587794,Moderate,0.42043796342926004,0.37248830517644305,0.25263907702084687,4450000.0,4495000.0,3802000.0,3227.57910235199,3400.78949767074,3168.51036609727,28.346693989071035,28.215890410958902,28.07758904109589,3384.9600000000005,1835.17,2110.08,0.3740443766214942,0.04563545244178872,28.26550986850313,0.07088469493185563,2552.2833333333333,781.331187162866,4886333.333333333,717133.4139010215,-0.2169906385864,-0.003977493235544638,0.07956639584419811,0.2840449438202248,0.17838783415516707,0.08008123409479735,0.27218889819138,0.012881695484284642,Southeast Asia,-0.048889583747905474,4476433.333333333,-172.45819970150524,5.0
PHL,Philippines,2022,0.4747498682297366,10,0.0058972313350441,37,660.1199999999999,6.592849315068492,1.1234520547945208,0.0041697287666297,18.170630136986304,2406.39,220.88,80.81309589041095,24.97,28.23416438356164,28.841999999999995,31.26,27.71854794520548,5,4.424958904109589,4,96040188240.9305,7.58098212785563,113964338.0,3548.06930572116,,22.8363518329959,0.0182767833446104,,42.3925948284536,,69.472,,0.1218315811660299,0.811711458158092,5.15588379,,382.21262367106,0.0490504318991438,3.57960089528426,2.9066475640054303,0.760479216015364,9.55176804414326,5453000.0,94.8,95.070405889347,54.7902343568327,,0.949352029446735,123000.0,,,,,,,,,,,0.0,0.0,8.846305298723978,1.0,9.0,0.0,2.0,173.071,7267925.0,6.0,599.0,0.0,122507.0,98457.0,0.0,,,123000.0,,,,,-0.0058972313350441,0.3044183018674135,Moderate,0.3292068612587794,0.42043796342926004,0.37248830517644305,5714000.0,4450000.0,4495000.0,3484.38593882819,3227.57910235199,3400.78949767074,28.23394520547945,28.346693989071035,28.215890410958902,2436.7200000000003,3384.9600000000005,1835.17,0.3513543755184843,0.06109848409039492,28.271601192704043,0.06503236163186918,2742.69,556.4288291416971,5205666.666666667,667311.2716966001,-0.0752978212440123,7.76292794357758e-06,0.01827678334461047,-0.04567728386419323,0.1624066896657164,0.06951803445847407,0.25201500409910216,0.015418169188855687,Southeast Asia,-0.02562095763296368,4423500.0,-255.21276579254436,5.0
PHL,Philippines,2023,0.4976705409355578,11,-0.1118991595769106,37,520.01,5.276328767123287,1.2648219178082192,0.0063556881026003,18.143890410958903,1925.86,117.05,81.16594520547945,24.85,28.34550684931507,29.04482191780822,32.25,27.78,7,4.5203561643835615,5,103742233308.668,5.51894967856043,114891199.0,3804.08274131718,5.3,22.0370920130941,0.0721557031547286,,42.6689472448603,39.3,69.833,,0.110149692480914,0.8157629109783916,5.10122538,,385.321122178623,0.0486547276784882,3.6236863467978,3.121104937779385,0.810000998681961,9.40036652869164,2594000.0,98.0,95.465506033898,55.1242716168851,,0.96732753016949,160000.0,,,,,,,,,,,0.0,0.0,8.526330585887711,0.0,11.0,0.0,4.0,360.051,10427092.0,7.0,118.0,0.0,161407.0,109854.0,0.0,,,161000.0,,,,,0.1118991595769106,0.29769552611224775,Moderate,0.3044183018674135,0.3292068612587794,0.42043796342926004,5453000.0,5714000.0,4450000.0,3548.06930572116,3484.38593882819,3227.57910235199,28.23416438356164,28.23394520547945,28.346693989071035,2406.39,2436.7200000000003,3384.9600000000005,0.3104402297461469,0.016596348158910524,28.271205479452053,0.06434696715772786,2256.3233333333333,286.5911517010486,4587000.0,1730915.075906383,-0.022084006493452435,0.0039435367819227185,0.07215570315472863,-0.5242985512561893,0.14879944520231636,0.06560343700822062,0.24678421355517377,0.009726448095580209,Southeast Asia,-0.08354340753607775,1936700.0,-175.36630282699707,6.0
THA,Thailand,2008,0.798414877835828,53,0.0811201021179188,36,475.82,3.83448087431694,9.31655737704918,-0.0105589643206582,18.51830601092896,1403.42,121.5,74.63825136612023,10.19,24.94204918032787,30.01950819672131,38.2,20.70295081967213,20,1.965874316939891,13,111009214971.921,1.72569884866334,67619830.0,4309.13509292986,1.0,38.9917676366181,,,44.3109084147272,40.3,74.221,,0.1690032702553396,0.8375402821212976,3.45933938,,132.356926148486,0.263798356192259,3.50850009918213,1.0167079070594902,0.768156179389423,10.0724338253633,203000.0,94.8,96.5089112924914,41.8954507430475,,0.9565445564624572,,,,,,,,,,,,0.0,0.0,7.363382084123119,0.0,6.0,1.0,3.0,27.844,11573157.0,2.0,39.0,0.0,,,,,,,,,,,-0.0811201021179188,0.4752764523601295,Moderate,,,,,,,,,,,,,,,,0.4752764523601295,,24.94204918032787,,1403.42,,203000.0,,,,,,0.2060005985693875,0.18531868993582362,0.32364261923109566,0.02065334904025927,Southeast Asia,0.09105785554169005,-904400.0,2462.2116408908587,2.0
THA,Thailand,2009,0.8432339184214114,58,-0.0487733462231882,37,423.47,3.032986301369863,9.619123287671233,-0.0013916855657255,18.722,1107.04,85.37,73.16465753424657,8.8,25.66928767123288,30.86720547945205,39.38,21.24808219178082,10,1.82813698630137,6,138419119047.989,-0.690618232300579,68121080.0,4135.43986952819,0.8,38.7622539321171,-0.0403086047793342,,44.4929436865079,39.6,74.669,,0.1768608178927866,0.8377146419647566,3.61939645,,133.338057116013,0.257585464000277,3.86193990707398,0.9847584626125284,0.73854268159594,9.78703375942043,68000.0,99.0,96.8196905562878,42.9991311200422,,0.979098452781439,,,,,,,,,,,,0.0,0.0,4.770858782551215,0.0,1.0,0.0,1.0,0.0,200000.0,0.0,15.0,0.0,,,,,,,,,,,0.0487733462231882,0.4050415963917531,Moderate,0.4752764523601295,,,203000.0,,,4309.13509292986,,,24.94204918032787,,,1403.42,,,0.4401590243759413,0.049663542930899425,25.305668425780375,0.5142352684588032,1255.23,209.57230780806904,135500.0,95459.41546018391,-0.14777684781058253,0.029157126812122236,-0.04030860477933429,-0.6650246305418719,0.18480862372941181,0.15700325212407218,0.2762289327708632,0.00846599605246354,Southeast Asia,0.02011850349955252,-471916.6666666666,2288.983643758047,2.0
THA,Thailand,2010,0.9670608940712606,45,0.0358018819804759,37,438.7600000000001,3.554849315068493,9.24986301369863,-0.0188350068974366,18.628849315068493,1297.52,144.35,72.93306849315069,10.26,26.28813698630137,31.27917808219178,41.84,22.02931506849315,16,1.7644109589041097,14,172027935376.446,7.51339053261624,68579447.0,4973.86288823778,0.7,38.2444915040201,0.2027409526341983,,44.6749789582885,39.4,75.012,,0.1323391488935947,0.933286964643912,3.39009809,,134.235250249564,0.262534925369112,3.50846004486084,0.9002048623424792,0.670617338343587,10.5221756369849,1000000.0,99.7,97.1240162959277,44.0018736622496,96.4300003051758,0.9841200814796384,,,,,,,,,,,,0.0,0.0,8.931173056706287,0.0,2.0,1.0,1.0,332.0,15453255.0,0.0,258.0,0.0,,,,,,,,,,,-0.0358018819804759,0.4937076973482732,Moderate,0.4050415963917531,0.4752764523601295,,68000.0,203000.0,,4135.43986952819,4309.13509292986,,25.66928767123288,24.94204918032787,,1107.04,1403.42,,0.45800858203338524,0.04678732599672582,25.63315794595404,0.6737708164755889,1269.3266666666666,150.18796267788358,423666.6666666667,503662.9163769488,0.21890616111132188,0.024108550381085392,0.20274095263419833,13.705882352941176,0.17083991419370553,0.1888159983670536,0.3371545016872896,0.00784003800676594,Southeast Asia,0.0882281251301108,501500.0,2665.7910973928833,1.0
THA,Thailand,2011,0.910820837453936,51,0.0667760940735441,37,447.08,3.7459726027397258,8.667232876712328,-0.0054399898327587,18.128602739726027,1367.28,114.85,77.79758904109589,10.35,24.5132602739726,29.23695890410959,37.41,20.56972602739726,11,2.0114520547945207,3,174891021491.419,0.840132083053334,69007208.0,5373.6232832898,0.3,41.0084617444297,0.0803722185421267,,44.6828084323436,37.5,75.302,,0.1203491243405701,0.8501343700749437,3.56825495,,135.072536162383,0.259404785656594,4.80556011199951,0.8398917657657828,0.621807948253872,11.5917917775207,1645000.0,99.3,97.4082908052725,44.8048723557374,,0.9835414540263624,50000.0,,,,,,,,,,,0.0,0.0,10.77040069012724,0.0,3.0,0.0,2.0,40317.0,11216110.0,1.0,895.0,0.0,50000.0,35000.0,0.0,,,50000.0,,,,,-0.0667760940735441,0.37382561542210774,Moderate,0.4937076973482732,0.4050415963917531,0.4752764523601295,1000000.0,68000.0,203000.0,4973.86288823778,4135.43986952819,4309.13509292986,26.28813698630137,25.66928767123288,24.94204918032787,1297.52,1107.04,1403.42,0.42419163638737806,0.06219301741846496,25.490228310502285,0.9008848577874319,1257.28,134.70581873104078,904333.3333333334,792840.6733596185,-0.24281995717315663,-0.06751626078537443,0.08037221854212673,0.645,0.1097080542852512,0.15330013449125396,0.25560776982739786,0.0061526260775481316,Southeast Asia,0.013103812641799384,876933.3333333334,2775.1995849254854,3.0
THA,Thailand,2012,0.9246380576802808,33,-0.1006971529850638,36,353.9600000000001,2.712595628415301,9.380464480874316,-0.0005992384278791,18.2642349726776,992.81,101.82000000000002,72.7543169398907,13.71,26.29669398907104,31.332650273224044,38.9,21.952185792349724,8,1.8221311475409832,5,181481264053.903,7.24279620249642,69436098.0,5725.52802835463,0.4,42.1429847927673,0.0654874237572882,,44.6906379063986,39.3,75.59,,0.1041796944990266,0.8536653374434721,3.5229404,,135.912031944254,0.250346728872927,4.53672981262207,0.8420991891205379,0.619591346751357,11.5041001535767,3400.0,99.1,97.6857256811255,45.373565813715,,0.9839286284056274,,,,,,,,,,,,0.0,0.0,5.132493972090062,0.0,2.0,1.0,1.0,1.2,12235545.0,0.0,0.0,0.0,0.0,35000.0,0.0,,,,,,,,0.1006971529850638,0.33592795667916875,Moderate,0.37382561542210774,0.4937076973482732,0.4050415963917531,1645000.0,1000000.0,68000.0,5373.6232832898,4973.86288823778,4135.43986952819,24.5132602739726,26.28813698630137,25.66928767123288,1367.28,1297.52,1107.04,0.40115375648318324,0.0823634148866655,25.69936374978167,1.0272046519894993,1219.2033333333331,199.14083065341808,882800.0,827051.7033414537,-0.10137790771813904,0.07275383588987672,0.06548742375728822,-0.9979331306990882,0.08304317331249948,0.14157006769795602,0.22998232976605648,0.005398823020729206,Southeast Asia,0.011455292486941826,-807680.0,2966.6941590819365,2.0
THA,Thailand,2013,0.9046724160568156,29,-0.0135055471040311,37,457.44,3.2506027397260278,9.865123287671231,-0.019249800727007,18.70827397260274,1186.47,99.87,70.87567123287673,8.72,25.961506849315064,31.25824657534246,41.22,21.393123287671237,23,1.904,17,167230223498.308,2.68749556320556,69845114.0,6018.08244729255,0.2,39.3005358547268,0.0510964958147261,,44.6989868660573,37.8,75.96,,0.0820359916107111,0.9352074059964912,3.45313334,,136.712626984282,0.248324677371133,4.12401008605957,0.8029483916201023,0.587325698680648,11.3222153379773,13000.0,99.4,97.9592475537445,45.8321343847773,93.6999969482422,0.9867962377687224,100.0,,,,,,,,,,,0.0,0.0,8.207755721706064,0.0,3.0,0.0,3.0,579.0,3515254.0,0.0,84.0,0.0,100.0,35000.0,0.0,,,100.0,,,,,0.0135055471040311,0.5277908230057461,High,0.33592795667916875,0.37382561542210774,0.4937076973482732,3400.0,1645000.0,1000000.0,5725.52802835463,5373.6232832898,4973.86288823778,26.29669398907104,24.5132602739726,26.28813698630137,992.81,1367.28,1297.52,0.41251479836900745,0.10161436673318655,25.590487037452903,0.9478400337784488,1182.1866666666667,187.2717422179153,553800.0,945019.1109178693,0.5711428968974375,-0.012746360432048243,0.051096495814726195,2.823529411764706,0.11017112766186905,0.20742462163333092,0.3617633643323362,0.0069688245348181995,Southeast Asia,0.14557937105418,-1465166.6666666667,3146.3761227767613,1.0
THA,Thailand,2014,0.8969170589035903,68,-0.1170977693436201,37,365.56,2.6113972602739723,10.17909589041096,-0.0052359219491489,19.250849315068493,953.16,76.67999999999999,69.90958904109588,8.63,26.17084931506849,31.656383561643835,39.91,21.47728767123288,9,1.9253150684931504,8,157162740027.006,0.984468863619426,70216367.0,5801.1978916205,0.2,33.4930302024769,-0.0360388142853748,,44.7102115915363,37.0,76.279,,0.079464291512085,0.8568397096360918,3.68448091,,137.439305917125,0.242557408303395,3.91917751852112,0.7286068057295558,0.530129864137193,10.0889216151042,27000.0,99.5,98.2288774371451,46.3138799467897,,0.9886443871857256,,,,,,,,,,,,0.0,1.0,6.714598753852645,0.0,7.0,1.0,4.0,10.0,1133288.0,1.0,92.0,0.0,0.0,35000.0,0.0,,,,,,,,0.1170977693436201,0.4275018611567175,Moderate,0.5277908230057461,0.33592795667916875,0.37382561542210774,13000.0,3400.0,1645000.0,6018.08244729255,5725.52802835463,5373.6232832898,25.961506849315064,26.29669398907104,24.5132602739726,1186.47,992.81,1367.28,0.4304068802805441,0.09596441643049192,26.1430167178182,0.16931802847519456,1044.1466666666665,124.83981349446687,14466.666666666666,11868.16469945262,-0.19001649418208377,0.008063571462491925,-0.03603881428537481,1.076923076923077,0.1014274680778333,0.1431833274733703,0.2933354739980076,0.004854545612677394,Southeast Asia,0.014783440450935215,-1149166.6666666667,2904.522383927085,3.0
THA,Thailand,2015,0.8932262708723887,43,-0.1329400842444325,37,355.62,2.5136438356164383,10.424301369863011,-0.0037020751536807,19.134164383561643,917.48,81.2,67.47035616438356,12.4,26.7853698630137,32.363424657534246,41.29,21.939123287671237,8,1.9348493150684931,6,156459956382.606,3.13404724911635,70540795.0,5688.85335397884,0.1,32.3345065204086,-0.019365748202442,,44.7180410655914,36.0,76.563,,0.0814917859127501,0.9326694389271748,3.8522861,,138.07433106931,0.239773311315814,3.86397622727286,0.6364899344106313,0.460976294059414,8.87272364786793,240.0,99.6,98.4945735276121,46.9521043776171,92.870002746582,0.9904728676380604,,,,,,,,,,,,0.0,0.0,5.167090723022024,0.0,2.0,1.0,0.0,3300.561,1440.0,1.0,3.0,0.0,0.0,35000.0,0.0,,,,,,,,0.1329400842444325,0.38678283726346546,Moderate,0.4275018611567175,0.5277908230057461,0.33592795667916875,27000.0,13000.0,3400.0,5801.1978916205,6018.08244729255,5725.52802835463,26.17084931506849,25.961506849315064,26.29669398907104,953.16,1186.47,992.81,0.44735850714197634,0.07257084678513626,26.305908675799085,0.4282152957635612,1019.0366666666667,146.0948542329033,13413.333333333334,13384.78738468913,-0.09524876402426907,0.023481108333438083,-0.01936574820244208,-0.9911111111111112,0.09747983674687025,0.12506432173477663,0.2656419790153207,0.003684931285935573,Southeast Asia,-0.002607307109923518,-676716.6666666666,2825.7606465378963,4.0
THA,Thailand,2016,0.910960036810102,65,-0.0789867708275439,37,383.29,2.8465573770491805,10.157513661202186,-0.0109695683221243,18.723715846994537,1041.84,94.6,69.02729508196721,6.8,26.426174863387978,31.889535519125683,41.95,21.7320218579235,17,2.1014480874316943,14,171772074486.519,3.43515771692182,70859841.0,5833.57715617098,0.1,31.2290600430982,0.0254398897610743,,44.7102115915363,36.7,76.769,,0.0727633863114939,0.9314877942475206,3.93900609,,138.698821664155,0.238061499460604,3.76761756770937,0.6259007116699227,0.451266062797186,8.47807696285562,90000.0,99.9,98.7563664509808,47.8801095551247,91.9800033569336,0.993281832254904,,,,,,,,,,,,0.0,1.0,7.009497965932328,0.0,4.0,0.0,3.0,145.0,808843.0,0.0,35.0,0.0,,35000.0,0.0,,,,,,,,0.0789867708275439,0.5192247401154559,High,0.38678283726346546,0.4275018611567175,0.5277908230057461,240.0,27000.0,13000.0,5688.85335397884,5801.1978916205,6018.08244729255,26.7853698630137,26.17084931506849,25.961506849315064,917.48,953.16,1186.47,0.44450314617854625,0.06783802161810963,26.460798013823393,0.30871985338051033,970.8266666666667,64.03464478962323,39080.0,46083.17697381551,0.3424192856876296,-0.013410119086005645,0.025439889761074364,374.0,0.12097882643719113,0.16214900584927633,0.356926660411596,0.003488238901499529,Southeast Asia,0.13270539505794005,-1213716.6666666667,2836.9612626211797,1.0
THA,Thailand,2017,0.932926262441738,43,0.1287200781490019,37,494.27,4.1281917808219175,8.715917808219176,-0.0125048010601569,18.60994520547945,1506.79,115.69,76.74671232876713,7.62,25.47758904109589,30.21983561643836,40.38,21.503917808219175,9,2.0620547945205483,5,202538295197.399,4.1776810321001,71160187.0,6413.09182530343,0.1,31.5296819916623,0.09934121956704,,44.7199984341052,36.4,76.989,,0.0494398484189335,0.8634105961781953,3.85276842,,139.286709467791,0.235576952601319,3.46532147640365,0.5891319555150486,0.422963510133952,8.40641258665047,50000.0,99.9,99.0141678969544,49.2311973571777,,0.994570839484772,,,,,,,,,,,,0.0,0.0,8.706763608075693,0.0,6.0,0.0,4.0,1308.4,3819058.0,2.0,150.0,0.0,,40584.0,0.0,,,,,,,,-0.1287200781490019,0.37105233137442384,Moderate,0.5192247401154559,0.38678283726346546,0.4275018611567175,90000.0,240.0,27000.0,5833.57715617098,5688.85335397884,5801.1978916205,26.426174863387978,26.7853698630137,26.17084931506849,1041.84,917.48,953.16,0.4256866362511151,0.08138731387497347,26.229711255832523,0.6756634749372584,1155.3700000000001,310.62576309765416,46746.666666666664,44968.350351478686,-0.2853723971397899,-0.03589569157079564,0.09934121956704,-0.4444444444444444,0.05818254374875867,0.11699162010500484,0.2552864971405633,0.002014502666581323,Southeast Asia,0.009993584798393018,-608833.3333333334,3195.52805978465,3.0
THA,Thailand,2018,0.7638239266105293,19,-0.0486978643416541,37,368.8,3.0334520547945205,8.976712328767123,-0.0009798037130172,18.35358904109589,1107.21,96.28,76.44328767123288,10.72,25.47887671232877,30.31235616438356,38.65,21.33564383561644,7,1.9773698630136989,6,205640628937.522,4.22287028746071,71376079.0,7099.77650081458,0.1,32.1983100446982,0.1070754472595845,,44.7174470042475,36.4,77.19,,0.0214178561231321,0.9465013709479018,3.87040329,,139.709289670966,0.234490276497256,3.19769395901619,0.4232205862777228,0.302929452489855,8.20181926195524,4600.0,99.8,99.2453414879961,54.5843734741211,93.7699966430664,0.9952267074399804,,,,,,,,,,,,,,,,,,,,,,,,,40584.0,0.0,,,,,,,,0.0486978643416541,0.33618161440931443,Moderate,0.37105233137442384,0.5192247401154559,0.38678283726346546,50000.0,90000.0,240.0,6413.09182530343,5833.57715617098,5688.85335397884,25.47758904109589,26.426174863387978,26.7853698630137,1506.79,1041.84,917.48,0.40881956196639807,0.09719037630860933,25.794213538937544,0.5472949398863141,1218.6133333333335,251.6995284726082,48200.0,42728.44485819722,-0.09397789480514496,5.0541329903897037e-05,0.10707544725958451,-0.908,0.022362320999659367,0.10824479852078285,0.23143592926555284,0.0016046931988753486,Southeast Asia,-0.021958364603563263,-851666.6666666666,3652.03694949018,5.0
THA,Thailand,2019,1.0278655247368855,59,-0.0958740403004913,37,453.74,2.742356164383562,10.150602739726024,-0.0119163078107609,19.37923287671233,1000.96,138.20000000000002,69.25150684931508,10.1,26.90682191780822,32.39967123287671,42.37,22.249068493150684,12,2.0445479452054798,5,224355506654.641,2.11455779628278,71522271.0,7605.69657797759,0.1,31.4905856675213,0.0712585920282089,,45.019475816712,34.9,77.197,,0.0,0.9408969889221191,3.78911877,,139.995441288731,0.232492995084007,3.02221411183282,0.2864444647970185,0.204609851692418,8.1285680400948,61000.0,99.9,99.4287701898312,55.9266166687012,91.2699966430664,0.996643850949156,,,,,,,,,,,,0.0,0.0,5.424257889028843,0.0,3.0,1.0,1.0,0.0,878885.0,1.0,26.0,0.0,,40584.0,0.0,,,,,,,,0.0958740403004913,0.44686393640374866,Moderate,0.33618161440931443,0.37105233137442384,0.5192247401154559,4600.0,50000.0,90000.0,7099.77650081458,6413.09182530343,5833.57715617098,25.47887671232877,25.47758904109589,26.426174863387978,1107.21,1506.79,1041.84,0.38469929406249564,0.05658907839395438,25.954429223744295,0.8247965187269313,1204.9866666666667,266.71371287081075,38533.333333333336,29897.380041290126,0.32923371549901037,0.056044276268603754,0.07125859202820894,12.26086956521739,0.0,0.1407200707104804,0.3077587825568768,0.0014997419760178663,Southeast Asia,0.011546555031488326,-847000.0,3904.6629966472333,2.0
THA,Thailand,2020,0.8959532144125655,62,0.0154797380340773,37,477.24000000000007,3.4294535519125686,9.288743169398908,-0.0179760085813011,18.78360655737705,1255.18,101.81,72.99103825136612,11.09,26.250901639344256,31.25226775956284,40.1,21.96352459016393,12,1.9578688524590164,8,258104429788.605,-6.09306312966953,71641484.0,6983.03412836245,0.1,31.3894710294934,-0.0818679056193312,,45.5516837283955,35.0,77.331,,0.0256979025168329,0.8679771050370233,4.35724688,,140.228785061364,0.234830418923204,3.15314171737183,0.2335381328517959,0.166540794566251,8.70610471503835,13000.0,100.0,99.487572734038,57.2358779907227,,0.99743786367019,,,,,,,,,,,,0.0,0.0,6.95429643952056,0.0,7.0,0.0,3.0,60.0,1196084.0,4.0,44.0,0.0,,,,,,,,,,,-0.0154797380340773,0.4376410502558722,Moderate,0.44686393640374866,0.33618161440931443,0.37105233137442384,61000.0,4600.0,50000.0,7605.69657797759,7099.77650081458,6413.09182530343,26.90682191780822,25.47887671232877,25.47758904109589,1000.96,1107.21,1506.79,0.4068955336896451,0.06141342843558731,26.212200089827082,0.7147588648727741,1121.1166666666668,127.67928036033607,26200.0,30428.933599454318,-0.020639137322425283,-0.02437747127726908,-0.08186790561933122,-0.7868852459016393,0.035828756197492734,0.13737321068323766,0.30150762120549246,0.0011212960342767522,Southeast Asia,0.025014824726413143,-1078333.3333333333,3454.6488564965452,3.0
THA,Thailand,2021,1.0190101242474636,47,0.0955258107166943,37,597.2699999999999,3.9233698630136975,8.939753424657534,-0.0082523647473119,19.03150684931507,1432.03,167.75,76.30802739726028,9.44,25.348794520547944,30.21282191780822,38.66,21.273068493150685,13,1.9592602739726028,7,246025242648.57,1.55858232076893,71727332.0,7055.18760721422,0.0,31.8973264305607,0.0103326831181749,,45.9981600735971,34.9,77.606,,0.0230876477431873,0.8694357863208593,5.15399981,,140.396821233534,0.225721486476034,2.98212428478268,0.168136810863677,0.119758274714782,8.69539558179486,9400.0,100.0,99.9512350608319,58.5087776184082,,0.9997561753041596,520.0,,,,,,,,,,,0.0,0.0,7.180304513013933,0.0,6.0,0.0,5.0,591.0,958594.0,1.0,16.0,0.0,520.0,520.0,0.0,,,520.0,,,,,-0.0955258107166943,0.4342627282169409,Moderate,0.4376410502558722,0.44686393640374866,0.33618161440931443,13000.0,61000.0,4600.0,6983.03412836245,7605.69657797759,7099.77650081458,26.250901639344256,26.90682191780822,25.47887671232877,1255.18,1000.96,1107.21,0.43958923829218727,0.006522590697754979,26.168839359233473,0.7822486855317492,1229.39,216.6891305534265,27800.0,28808.332128049344,-0.007719390210210175,-0.034364805109941665,0.010332683118174923,-0.27692307692307694,0.03143243029755076,0.13851819998561626,0.2992520309032623,0.00010588397762231309,Southeast Asia,0.05616628321025602,-1228166.6666666667,3398.3434686845253,2.0
THA,Thailand,2022,0.8591065661334091,30,0.2343680716327265,37,574.5600000000001,4.780082191780822,8.279589041095889,-0.0073135606814025,18.41558904109589,1744.7299999999998,134.05,80.24317808219179,9.43,24.936657534246574,29.410383561643837,37.53,21.130794520547948,9,1.9291506849315072,7,216500525687.125,2.63784213566305,71735329.0,6910.00995211206,0.0,30.4232397167292,-0.0205774336820908,,45.9981600735971,34.3,75.291,,0.0278278797601698,0.9292872119991132,5.35471153,,140.412474309538,0.220997104508993,2.61187022798634,0.0156539485659906,0.0111485454856964,8.71589001488812,22000.0,99.9,99.9999987802384,59.742374420166,91.0999984741211,0.999499993901192,,,,,,,,,,,,0.0,0.0,6.269791722671395,0.0,11.0,0.0,9.0,13.0,1381745.0,2.0,21.0,0.0,,,,,,,,,,,-0.2343680716327265,0.35770189668739094,Moderate,0.4342627282169409,0.4376410502558722,0.44686393640374866,9400.0,13000.0,61000.0,7055.18760721422,6983.03412836245,7605.69657797759,25.348794520547944,26.250901639344256,26.90682191780822,1432.03,1255.18,1000.96,0.4098685583867347,0.04520922151055035,25.51211789804626,0.6721720658983852,1477.3133333333333,247.8966232794089,14800.0,6489.992295835181,-0.1763007197138574,-0.016258642436321358,-0.020577433682090862,1.3404255319148937,0.032718689605985056,0.10882450550049197,0.246499193078781,0.00017885312989886998,Southeast Asia,0.027662637187013783,-1007500.0,3106.7278805983556,2.0
THA,Thailand,2023,1.0744754367868516,49,-0.0209915737079463,37,439.50000000000006,3.20441095890411,9.409232876712329,-0.0024471710638339,18.919150684931505,1169.61,109.42,74.16380821917808,9.79,26.055068493150685,31.170630136986304,41.47,21.761397260273974,9,2.0892054794520547,5,224470464418.923,2.24883437970568,71702435.0,7210.54130832685,0.0,30.2203833465474,0.0434921741498985,,43.7980778641195,33.5,76.412,,0.0157010519783699,0.8656287932414136,4.53787661,,140.348088629646,0.220846056343833,2.52122219628772,-0.0643709157138542,-0.0458651887192549,8.55515003809495,2800.0,100.0,100.0,60.9341926574707,,1.0,,,,,,,,,,,,0.0,0.0,4.5316847469292885,0.0,3.0,0.0,2.0,0.0,271323.0,1.0,6.0,0.0,,,,,,,,,,,0.0209915737079463,0.39379113479837496,Moderate,0.35770189668739094,0.4342627282169409,0.4376410502558722,22000.0,9400.0,13000.0,6910.00995211206,7055.18760721422,6983.03412836245,24.936657534246574,25.348794520547944,26.250901639344256,1744.7299999999998,1432.03,1255.18,0.3952519199009023,0.03830131395867317,25.4468401826484,0.5656151360613948,1448.7899999999997,287.9260787077126,11400.0,9754.998718605759,0.1008919394758585,0.044850074929575046,0.04349217414989859,-0.8727272727272728,0.02045948592110418,0.11900519052078815,0.27134401685064574,0.0,Southeast Asia,0.012552201150049458,-654500.0,3231.0922641826733,2.0
VNM,Vietnam,2008,1.1097475188171395,29,-0.2736586675507463,37,276.13,1.4276229508196718,10.466912568306013,0.0010470337787769,15.732950819672132,522.5099999999999,64.82,72.53505464480874,12.88,24.19169398907104,30.37540983606557,37.99,19.908497267759564,6,0.4352459016393442,4,23890250550.2909,5.66177120891362,85175788.0,1163.83195772873,17.6,48.5137210815112,,,32.7399677741119,35.6,73.455,,0.4109009874736671,0.7847886041703043,4.36028337,,272.308076932914,0.0737592236892484,4.8867301940918,4.976308148577949,1.82745521345807,20.4131439246507,106000.0,93.8,87.1265536349234,29.2198330128693,,0.9046327681746168,,,,,,,,,,,,0.0,0.0,8.436215871801874,0.0,10.0,0.0,5.0,673.5,789153.0,5.0,411.0,0.0,,,,,,,,,,,0.2736586675507463,0.3394561068865104,Moderate,,,,,,,,,,,,,,,,0.3394561068865104,,24.19169398907104,,522.5099999999999,,106000.0,,,,,,0.28751216442309013,0.1646827888890782,0.26505408942543657,0.032372989239987895,Southeast Asia,-0.04476248993192905,-1001400.0,-683.0914943102707,4.0
VNM,Vietnam,2009,1.2076766249478734,42,-0.2476884917116174,37,400.47,1.6444383561643836,10.470383561643835,-2.69086404275738e-05,16.326876712328765,600.22,109.85,73.57747945205479,11.88,24.309534246575343,30.480739726027394,36.8,20.010356164383563,6,0.4220547945205479,4,16447104123.628,5.39789754014181,86460018.0,1226.16976051536,,47.5525771385783,0.0535625460124715,,32.9068109297165,,73.525,,0.3988627970952636,0.8646597837487305,4.48502922,,276.440290060813,0.072866050062585,4.81650018692017,4.136893662291071,1.49648723830416,19.1684598670425,187000.0,96.1,87.9033221889861,29.7581347355675,93.5199966430664,0.9200166109449304,,,,,,,,,,,,0.0,0.0,8.981216694630714,1.0,6.0,0.0,2.0,1065.2,3717461.0,3.0,356.0,0.0,,,,,,,,,,,0.2476884917116174,0.37061324273576923,Moderate,0.3394561068865104,,,106000.0,,,1163.83195772873,,,24.19169398907104,,,522.5099999999999,,,0.3550346748111398,0.022031422041361402,24.25061411782319,0.08332564517806187,561.365,54.94926796600667,146500.0,57275.64927611035,0.09178546273635169,0.004871104006091365,0.05356254601247157,0.7641509433962264,0.3108639815826275,0.1762361481377131,0.29015618245459357,0.02964290318269599,Southeast Asia,-0.014309850156431325,-352916.6666666666,-620.2864652547826,5.0
VNM,Vietnam,2010,1.6665752957235314,52,-0.2384637814459125,37,370.33,1.721452054794521,11.090876712328768,-0.0073714917465198,16.837205479452056,628.33,94.09,71.31747945205478,12.24,25.04490410958904,31.548767123287668,39.07,20.457890410958903,10,0.4009315068493151,5,12466600610.9074,6.42324482239482,87455152.0,1683.16182443979,5.2,48.7073170030533,0.3726988534869397,,34.3450560815081,39.3,73.611,,0.3792825216528322,0.7994211086297145,5.07146072,,279.147229120251,0.0736080133963977,4.04594993591309,3.1945681383887687,1.14440259659988,15.3750906872381,442000.0,97.4,88.6734023519778,30.2504027258526,,0.930367011759889,,,,,,,,,,,,0.0,0.0,8.399968143628058,0.0,7.0,0.0,4.0,704.7,1524433.0,3.0,221.0,0.0,,,,,,,,,,,0.2384637814459125,0.41433192635003957,Moderate,0.37061324273576923,0.3394561068865104,,187000.0,106000.0,,1226.16976051536,1163.83195772873,,24.309534246575343,24.19169398907104,,600.22,522.5099999999999,,0.3748004253241064,0.03761311551313995,24.515377448411808,0.46235316073895444,583.6866666666666,54.81315018618559,245000.0,175348.22496963007,0.11796309082630341,0.03025026541252207,0.37269885348693976,1.3636363636363638,0.3226391176862964,0.2018099648121711,0.32494377468316527,0.028851170155034838,Southeast Asia,0.008852354131877183,-56500.0,-624.9099664051064,3.0
VNM,Vietnam,2011,1.1173683957364555,56,-0.2726257287479361,37,253.30000000000004,1.436246575342466,10.441534246575344,0.0010281400611515,15.294109589041096,524.2300000000001,64.24000000000001,73.74427397260274,13.26,23.915260273972603,30.14249315068493,37.81,19.70095890410959,8,0.4398630136986302,7,13539119001.0033,6.41316889681683,88468314.0,1950.92504174913,,48.3142512169317,0.159083466260566,,34.3732843043373,,73.713,,0.3592124005666606,0.8054305760373208,4.97468519,,282.390144405715,0.0727672960965437,3.7802300453186,3.252665868714074,1.15183406119192,16.2591484896283,230000.0,99.0,89.4349602173231,30.6996041680996,,0.9421748010866154,,,,,,,,,,,,0.0,0.0,7.829142451065467,0.0,5.0,0.0,3.0,219.002,1361647.0,2.0,138.0,0.0,,,,,,,,,,,0.2726257287479361,0.4001256766315245,Moderate,0.41433192635003957,0.37061324273576923,0.3394561068865104,442000.0,187000.0,106000.0,1683.16182443979,1226.16976051536,1163.83195772873,25.04490410958904,24.309534246575343,24.19169398907104,628.33,600.22,522.5099999999999,0.3950236152391111,0.022301437107956384,24.42323287671233,0.5733405032856342,584.2600000000001,53.85391072150644,286333.3333333333,136514.9564455607,-0.03428712299257686,-0.045104737900910075,0.15908346626056602,-0.4796380090497737,0.29749008048540176,0.19331772459120253,0.31444328076046696,0.02313734684157049,Southeast Asia,0.03940387385121613,-538066.6666666666,-647.4986566151849,2.0
VNM,Vietnam,2012,0.6710467555702431,34,-0.3388668354004334,37,154.41,0.883224043715847,11.074071038251368,0.0019903295148664,16.75918032786885,323.26,38.21,70.83814207650273,14.45,25.091174863387977,31.61527322404372,36.64,20.54120218579235,4,0.4327049180327869,3,25573282232.2766,5.5045447041189,89510356.0,2185.11767654291,3.7,47.3667761338807,0.1200418415788087,,34.4331120376958,35.6,73.762,,0.3375829481335509,0.8099317339526927,5.00178242,,285.558644407367,0.0715146301060405,4.40817022323608,3.34385576790864,1.1709874078049,16.199507640393,15000.0,97.9,90.1878966419353,31.1222779403029,,0.9404394832096764,,,,,,,,,,,,0.0,0.0,7.328537840108729,0.0,4.0,0.0,1.0,372.8,356512.0,3.0,72.0,0.0,,,,,,,,,,,0.3388668354004334,0.31538868760940253,Moderate,0.4001256766315245,0.41433192635003957,0.37061324273576923,230000.0,442000.0,187000.0,1950.92504174913,1683.16182443979,1226.16976051536,23.915260273972603,25.04490410958904,24.309534246575343,524.2300000000001,628.33,600.22,0.37661543019698884,0.0534975689978631,24.68377974898321,0.6659593705829311,491.94000000000005,155.07710759489945,229000.0,213501.75643305609,-0.2117759343401403,0.04917005192266899,0.1200418415788087,-0.9347826086956522,0.2247774741312771,0.14938945361153003,0.24833978392320924,0.018784713223837943,Southeast Asia,-0.009083976582824393,-796080.0,-573.7161927297834,4.0
VNM,Vietnam,2013,1.0561107540035923,43,-0.2349917987133918,37,364.3,1.7504383561643837,10.967095890410958,-0.0085198347576519,15.879589041095894,638.91,93.49,71.68369863013699,12.28,24.57183561643836,31.022383561643835,39.25,20.05528767123288,5,0.4086575342465754,5,25893489673.0736,5.55351081026072,90573104.0,2359.51736472828,,46.813420117302,0.0798124925067143,,34.6726704451298,,73.821,,0.3229047977428011,0.8130808837451314,4.41233158,,289.364162813695,0.0709128838070958,4.52833986282349,3.415358138546149,1.1802975549343,15.2156122465127,1040000.0,98.5,90.9316441418206,31.5334201724543,,0.9471582207091028,,,,,,,,,,,,0.0,0.0,8.924368173981534,0.0,10.0,0.0,6.0,1552.73,4124445.0,4.0,215.0,0.0,,,,,,,,,,,0.2349917987133918,0.3725650132732572,Moderate,0.31538868760940253,0.4001256766315245,0.41433192635003957,15000.0,230000.0,442000.0,2185.11767654291,1950.92504174913,1683.16182443979,25.091174863387977,23.915260273972603,25.04490410958904,323.26,524.2300000000001,628.33,0.3626931258380614,0.04322244727319001,24.526090251266314,0.5892904710124077,495.4666666666667,159.77868328827017,428333.3333333333,540516.7280790978,0.18128844790611343,-0.02069808407845486,0.0798124925067143,68.33333333333333,0.2569840655854618,0.17441042487369185,0.2940449493782299,0.01968699820289563,Southeast Asia,-0.009646438678308888,-438166.66666666674,-512.1889597875083,3.0
VNM,Vietnam,2014,0.9215573420053684,83,-0.3375662450937328,37,140.61,0.8940821917808218,11.940684931506848,0.0030555126436554,17.250657534246574,326.34,31.76,68.92950684931506,11.26,24.959506849315066,31.95249315068493,39.2,20.01180821917808,12,0.4263835616438356,11,34189368832.6688,6.42224312118567,91679578.0,2546.38464459903,3.4,46.3357632626857,0.0791972471422219,,34.6991265943562,34.8,73.886,,0.3082256537762719,0.8162317481018266,4.69078779,,292.559228518274,0.0699119710171441,3.54012312110584,3.5523554821558143,1.21423463554626,14.8803489262722,68000.0,99.2,91.6663943913083,31.9480269945454,,0.9543319719565416,,,,,,,,,,,,0.0,0.0,5.437462822314776,0.0,3.0,0.0,0.0,10.7,48075.0,3.0,38.0,0.0,,,,,,,,,,,0.3375662450937328,0.4800371388408608,Moderate,0.3725650132732572,0.31538868760940253,0.4001256766315245,1040000.0,15000.0,230000.0,2359.51736472828,2185.11767654291,1950.92504174913,24.57183561643836,25.091174863387977,23.915260273972603,638.91,323.26,524.2300000000001,0.3893302799078402,0.08359475908946665,24.874172443047133,0.2699810808656372,429.50333333333333,181.35803162069593,374333.3333333333,577093.0023257373,0.28846542680801424,0.015777056257748834,0.07919724714222198,-0.9346153846153846,0.31932086694526873,0.22242887222627114,0.3795978476801891,0.021922349518485953,Southeast Asia,0.0673187181350785,-1108166.6666666667,-350.29086309438526,2.0
VNM,Vietnam,2015,1.1680592890416972,50,-0.3296541937061076,37,190.82,0.9601369863013698,12.17695890410959,0.0034290057573237,18.047561643835618,350.45,70.55,67.72846575342466,9.68,25.3166301369863,32.42243835616438,39.32,20.245479452054795,7,0.4284109589041096,6,28250254960.181,6.98715430598611,92823254.0,2577.56885340113,,44.0184515218041,0.0122464643620292,,38.7634300520449,,73.955,,0.2910060823759044,0.8169625367255642,4.71140909,,296.1974772084,0.0754423024213308,3.41660449674943,3.6721201632077807,1.23975403093124,14.4747261789547,9600.0,99.3,92.3918615614749,32.3810945365679,,0.9584593078073744,,,,,,,,,,,,0.0,0.0,8.557426086027267,0.0,5.0,1.0,2.0,6954.218,1765215.0,2.0,52.0,0.0,,,,,,,,,,,0.3296541937061076,0.39505381329056116,Moderate,0.4800371388408608,0.3725650132732572,0.31538868760940253,68000.0,1040000.0,15000.0,2546.38464459903,2359.51736472828,2185.11767654291,24.959506849315066,24.57183561643836,25.091174863387977,326.34,638.91,323.26,0.41588532180155974,0.05668358010603718,24.949324200913242,0.3725016566485581,438.5666666666666,173.92070444122905,372533.3333333333,578780.1424835975,-0.17703489724879984,0.01430810671970617,0.012246464362029252,-0.8588235294117648,0.2611701651440474,0.17389657128834415,0.31307298190734417,0.016410808857426174,Southeast Asia,0.005663668917172182,-667356.6666666666,-285.52385403981316,3.0
VNM,Vietnam,2016,0.8584588493542844,38,0.2479772211182369,37,687.73,5.782568306010929,9.917786885245905,-0.0075278828038043,16.616420765027325,2116.42,144.20000000000002,79.24024590163934,11.36,24.269371584699453,30.093142076502733,40.41,20.17535519125683,9,0.3653005464480874,6,36527291044.3307,6.69000892660424,94000117.0,2735.0604380416,2.5,41.8649072066788,0.0611008254668572,,38.8407942894887,35.3,73.984,,0.2681000062852063,0.8193306060393313,4.86994743,,299.948999160782,0.0744467158482367,3.46906995773315,3.77900844428958,1.25988366517733,13.8182553730866,81000.0,99.2,93.1077859229268,32.8476189285136,,0.961538929614634,,,,,,,,,,,,0.0,0.0,8.470434759680971,0.0,8.0,0.0,4.0,846.437,2423925.0,4.0,162.0,0.0,,,,,,,,,,,-0.2479772211182369,0.3841769507472237,Moderate,0.39505381329056116,0.4800371388408608,0.3725650132732572,9600.0,68000.0,1040000.0,2577.56885340113,2546.38464459903,2359.51736472828,25.3166301369863,24.959506849315066,24.57183561643836,350.45,326.34,638.91,0.41975596762621525,0.05248753411005052,24.848502857000273,0.5323805345491667,931.07,1026.6139926476746,52866.666666666664,38029.63756510694,-0.02753260993164386,-0.04136642778364319,0.061100825466857245,7.4375,0.24602429524442038,0.16083532393977332,0.3051239350941919,0.014775856743124238,Southeast Asia,-0.0023423943102922062,-1222716.6666666667,-261.55545550820034,4.0
VNM,Vietnam,2017,0.7341519518924491,16,0.2637299704826149,37,713.0499999999998,5.914082191780823,8.115342465753425,0.0013080896197896,16.334054794520547,2158.6400000000003,168.45999999999998,86.52912328767124,10.82,22.97221917808219,27.745150684931502,34.93,19.62980821917808,9,0.3269041095890411,7,49075567812.4586,6.94019037359206,95176977.0,2956.10992127753,,40.1554391261382,0.0808206941833464,,38.8279627189274,,74.026,,0.245482043676886,0.822449507743624,4.99014759,,303.688787280275,0.0734242694007817,3.41865686539527,3.778510275367293,1.24420473643635,12.9298794852362,633000.0,100.0,93.8136963360805,33.3625963003742,,0.9690684816804024,,,,,,,,,,,,0.0,0.0,9.31421359206928,0.0,9.0,0.0,5.0,3162.655,5133216.0,4.0,284.0,0.0,,,,,,,,,,,-0.2637299704826149,0.34884330633541233,Moderate,0.3841769507472237,0.39505381329056116,0.4800371388408608,81000.0,9600.0,68000.0,2735.0604380416,2577.56885340113,2546.38464459903,24.269371584699453,25.3166301369863,24.959506849315066,2116.42,350.45,326.34,0.3760246901243991,0.02415982725951927,24.186073633255983,1.1744230913914413,1541.8366666666668,1031.9870513884046,241200.0,341181.6524961447,-0.09197231729568223,-0.053448125020058024,0.08082069418334648,6.814814814814815,0.21325820268885357,0.1400795615211243,0.2776605520026504,0.01079025312058281,Southeast Asia,-0.012215440240618491,-25833.333333333372,-261.45384424124995,4.0
VNM,Vietnam,2018,0.9006603453498975,37,0.3010554256808104,37,641.12,6.2256986301369865,8.798904109589042,0.0030400865696172,16.617150684931506,2272.38,146.03,85.34043835616438,9.05,22.824876712328766,28.02761643835617,36.44,19.228712328767124,14,0.3519178082191781,7,55452622582.5609,7.46500685572751,96237319.0,3222.31003125366,2.2,37.7241139171479,0.0900508157900594,,38.7344502263671,35.7,74.1,,0.217415159461275,0.8260161434789688,5.02678823,,307.046632570694,0.0722391279416252,3.29537010192871,3.401812482692601,1.10791395242199,12.3066684310428,143000.0,100.0,94.8327946840432,33.9410227821412,,0.974163973420216,,,,,,,,,,,,0.0,0.0,7.427968371568093,0.0,7.0,0.0,3.0,287.2,283756.0,4.0,134.0,0.0,,,,,,,,,,,-0.3010554256808104,0.3956966300522647,Moderate,0.34884330633541233,0.3841769507472237,0.39505381329056116,633000.0,81000.0,9600.0,2956.10992127753,2735.0604380416,2577.56885340113,22.97221917808219,24.269371584699453,25.3166301369863,2158.6400000000003,2116.42,350.45,0.37623896237830023,0.024414488123610443,23.355489158370137,0.7948668236998812,2182.48,80.66684325049573,285666.6666666667,302392.68068743555,0.13431051382078962,-0.006413941318042293,0.09005081579005947,-0.7740916271721959,0.22805160145059417,0.14927304748723164,0.3155568511156356,0.010223228651561271,Southeast Asia,0.03755665103938699,-713266.6666666666,-225.42952007073973,2.0
VNM,Vietnam,2019,0.8791061065719484,49,0.2204253540947661,37,689.1399999999999,5.552547945205479,8.751753424657533,-0.0040676442353962,17.45953424657534,2026.68,145.4,84.92202739726028,11.8,23.15101369863013,28.34772602739726,36.88,19.595972602739725,11,0.3421369863013698,10,78334835182.609,7.35926270105006,97173776.0,3440.90025375434,,34.5351601063592,0.0678364962963034,,39.5241027473527,,74.211,,0.1891107624302206,0.9139184048516618,4.97407484,,310.034412897339,0.0698130738482366,3.08499832693462,3.0022700093283032,0.968366698803348,11.7845285540387,89000.0,99.4,95.6342556825242,34.6239134999511,95.75,0.975171278412621,,,,,,,,,,,,0.0,0.0,6.91353845120973,0.0,8.0,1.0,5.0,62.0,833732.0,2.0,51.0,0.0,,,,,,,,,,,-0.2204253540947661,0.42277137273028786,Moderate,0.3956966300522647,0.34884330633541233,0.3841769507472237,143000.0,633000.0,81000.0,3222.31003125366,2956.10992127753,2735.0604380416,22.824876712328766,22.97221917808219,24.269371584699453,2272.38,2158.6400000000003,2116.42,0.38910376970598826,0.037402394386996225,22.98270319634703,0.16332106244346536,2152.566666666667,122.96254117955345,288333.3333333333,299708.7475088663,0.0684229801867331,0.014288663654651979,0.0678364962963034,-0.3776223776223776,0.23150498328216487,0.1460047704562575,0.3377161041415032,0.010496872708634366,Southeast Asia,-0.012546008641972473,-819000.0,-260.13332757601665,4.0
VNM,Vietnam,2020,1.195196877190652,28,0.3067971157612695,37,1014.69,6.27363387978142,9.224890710382514,-0.0013665771047409,17.303497267759564,2296.15,263.40000000000003,83.31702185792349,12.77,23.39494535519125,28.85789617486339,38.81,19.633005464480878,9,0.3412295081967213,8,94833616150.4504,2.86541320912272,98079191.0,3534.03953482647,1.3,32.6123879661738,0.0270682885882862,,39.4347683207361,36.8,75.383,,0.1745881626949642,0.8345093532263653,4.33219814,,312.923153250018,0.0691991841572184,3.21652900152514,2.902156642898189,0.927434295850725,12.6554035685556,1264000.0,99.8,96.2941639364055,35.5706676299742,,0.9804708196820277,,,,,,,,,,,,0.0,0.0,8.861258426838287,0.0,11.0,0.0,1.0,1451.992,2198070.0,10.0,310.0,0.0,,,,,,,,,,,-0.3067971157612695,0.42978367792513794,Moderate,0.42277137273028786,0.3956966300522647,0.34884330633541233,89000.0,143000.0,633000.0,3440.90025375434,3222.31003125366,2956.10992127753,23.15101369863013,22.824876712328766,22.97221917808219,2026.68,2272.38,2158.6400000000003,0.41608389356923015,0.01800065252481313,23.12361192205005,0.28602046677392223,2198.403333333333,149.19092007670378,498666.6666666667,663347.8222873225,0.016586518499500436,0.010536543225990735,0.02706828858828625,13.202247191011235,0.2300817185269045,0.14016272046023684,0.34387058438103535,0.008393322943921372,Southeast Asia,0.017157452395678896,172666.66666666674,5.65426296056512,4.0
VNM,Vietnam,2021,0.921173645875186,39,0.3801103066131588,37,905.15,6.885698630136986,8.922712328767123,0.0015307990908709,16.963205479452053,2513.28,206.39,84.35073972602741,8.71,23.036465753424658,28.31106849315069,36.0,19.388356164383563,8,0.3488767123287671,4,109371353442.833,2.55372852648131,98935098.0,3704.1935590038,,29.0283266030004,0.0481471761989455,,39.4347683207361,,74.145,,0.1489069445726933,0.8314915346476952,4.53792429,,315.653937574379,0.0686640043556636,2.94517488804327,2.742665172620212,0.868883560805873,12.6030904652745,780000.0,100.0,96.9270863481492,36.6540656426603,,0.984635431740746,,,,,,,,,,,,0.0,0.0,6.296184746553337,0.0,8.0,0.0,3.0,26.5,398343.0,5.0,35.0,0.0,,,,,,,,,,,-0.3801103066131588,0.36947769779428097,Moderate,0.42978367792513794,0.42277137273028786,0.3956966300522647,1264000.0,89000.0,143000.0,3534.03953482647,3440.90025375434,3222.31003125366,23.39494535519125,23.15101369863013,22.824876712328766,2296.15,2026.68,2272.38,0.4073442494832356,0.032980295763464965,23.194141602415346,0.18308991857652682,2278.7033333333334,243.76870109456925,711000.0,590531.1168770024,-0.14031705536607508,-0.01532295101886394,0.048147176198945596,-0.38291139240506333,0.18953140433735038,0.10725319284097069,0.29606503711454335,0.005676865308032262,Southeast Asia,-0.00861874721240391,-457566.66666666674,47.349420474105045,4.0
VNM,Vietnam,2022,0.7983154667965341,22,0.2662863736476751,37,774.36,5.935424657534248,8.466958904109587,-0.0015239830907919,16.028000000000002,2166.4300000000003,164.95000000000002,86.30098630136986,12.31,22.850767123287667,27.837890410958902,34.3,19.37093150684932,4,0.3227397260273973,4,86539530966.6451,8.53750041218142,99680655.0,4147.69777213621,1.6,33.4623722339218,0.1197303019045488,,39.2911951351024,36.1,74.502,,0.1521397048109566,0.9234078555919236,4.53809595,,318.032648542413,0.0677463445640481,2.88738689372749,2.387651306310012,0.750756665157789,11.8802998248459,353000.0,100.0,97.5492793224641,37.5478515625,96.129997253418,0.9877463966123206,,,,,,,,,,,,0.0,0.0,6.853661162374602,0.0,8.0,0.0,5.0,66.5,515165.0,3.0,60.0,0.0,,,,,,,,,,,-0.2662863736476751,0.30846295066618157,Moderate,0.36947769779428097,0.42978367792513794,0.42277137273028786,780000.0,1264000.0,89000.0,3704.1935590038,3534.03953482647,3440.90025375434,23.036465753424658,23.39494535519125,23.15101369863013,2513.28,2296.15,2026.68,0.3692414421285335,0.060660708685402166,23.094059410634525,0.27662295463776754,2325.286666666667,175.25107598338283,799000.0,455797.103983779,-0.16513783509085145,-0.008061072914771428,0.11973030190454881,-0.5474358974358975,0.14024547312845845,0.10321902075565624,0.24749477160388886,0.00377978265725672,Southeast Asia,-0.02157630883419559,-676500.0,344.4157006225055,4.0
VNM,Vietnam,2023,0.8145873398984214,16,0.2872921973441449,37,759.3,6.1107945205479455,8.271890410958905,0.0031739042453168,16.20767123287671,2230.44,148.04999999999998,85.98027397260275,11.91,23.377068493150688,28.282986301369867,36.86,20.01109589041096,13,0.3368767123287671,7,92237540812.2468,4.97865959483225,100352192.0,4322.82572261566,,26.9827056291982,0.0422229294660621,,39.2147376279795,,74.588,,0.1164663052236292,0.8390857595474017,4.56109476,,320.175197572656,0.0670486599834312,,2.1497499298364358,0.671429250652247,11.8713266425191,68000.0,99.8,98.160662651459,38.1298904418945,,0.989803313257295,,,,,,,,,,,,0.0,0.0,5.162166435652294,0.0,6.0,0.0,4.0,0.0,305153.0,2.0,30.0,0.0,,,,,,,,,,,-0.2872921973441449,0.3735743594861234,Moderate,0.30846295066618157,0.36947769779428097,0.42978367792513794,353000.0,780000.0,1264000.0,4147.69777213621,3704.1935590038,3534.03953482647,22.850767123287667,23.036465753424658,23.39494535519125,2166.4300000000003,2513.28,2296.15,0.35050500264886203,0.03646705719468149,23.088100456621003,0.2669230037118372,2303.3833333333337,184.57187768816092,400333.3333333333,358352.24756283214,0.21108340135929438,0.023032109470261686,0.0422229294660621,-0.8073654390934845,0.16124708164384896,0.10080046972630334,0.30008479443885033,0.0038092207187866733,Southeast Asia,-0.00766457416220212,-589300.0,343.37667847148305,3.0
